"","Correlation","Lag","Row gene index","Column gene index"
"3",0.994550706593897,2,2,33
"12",0.992813897697291,2,11,33
"12",0.987268656725991,0,11,2
"3",0.987268656725991,0,2,11
"13",0.98635591557916,2,12,5
"37",0.985317725774673,5,36,7
"3",0.984781336468693,2,2,5
"29",0.984612192484429,0,28,6
"7",0.984612192484429,0,6,28
"12",0.98441053830319,2,11,5
"12",0.984387546597011,1,11,21
"22",0.983141452583192,0,21,12
"13",0.983141452583192,0,12,21
"13",0.982503058811456,0,12,2
"3",0.982503058811456,0,2,12
"43",0.981926073314856,0,42,14
"15",0.981926073314856,0,14,42
"16",0.980381529658051,0,15,3
"4",0.980381529658051,0,3,15
"28",0.980230546277073,3,27,33
"22",0.980205739681234,0,21,2
"3",0.980205739681234,0,2,21
"6",0.979919530288558,5,5,23
"12",0.979157039195914,0,11,10
"11",0.979157039195914,0,10,11
"13",0.978590080134311,2,12,33
"13",0.977984719235742,0,12,11
"12",0.977984719235742,0,11,12
"16",0.976986896124667,4,15,27
"43",0.97695530349598,0,42,5
"6",0.97695530349598,0,5,42
"22",0.976845961634498,2,21,5
"37",0.976425972748708,3,36,33
"3",0.976004829806134,2,2,6
"11",0.974899025202548,0,10,9
"10",0.974899025202548,0,9,10
"6",0.974825828205099,0,5,12
"43",0.97471178870142,2,42,9
"37",0.97380223067559,1,36,12
"37",0.973572209172356,0,36,2
"3",0.973572209172356,0,2,36
"10",0.973330213406021,1,9,11
"27",0.973113011964095,0,26,10
"11",0.973113011964095,0,10,26
"18",0.972936204744696,0,17,7
"8",0.972936204744696,0,7,17
"28",0.971827002461475,5,27,7
"4",0.97158359281448,4,3,27
"13",0.97032458295188,2,12,6
"10",0.970033059886728,1,9,42
"10",0.969839507713323,0,9,7
"8",0.969839507713323,0,7,9
"15",0.969400109695217,0,14,5
"6",0.969400109695217,0,5,14
"22",0.969389254862787,2,21,33
"15",0.969206792886835,2,14,9
"47",0.968517529192426,5,46,23
"22",0.967719905914387,2,21,6
"28",0.967650165014579,3,27,5
"11",0.967543383986338,2,10,5
"10",0.967286251200858,0,9,5
"6",0.967286251200858,0,5,9
"18",0.967143959652973,0,17,9
"10",0.967143959652973,0,9,17
"11",0.967129030906193,1,10,21
"3",0.966950913576022,2,2,28
"37",0.966671550524193,3,36,5
"6",0.966151329424738,5,5,7
"13",0.965979463484295,0,12,36
"12",0.965552451400226,2,11,46
"22",0.964731178469936,5,21,42
"47",0.96465201613186,1,46,14
"37",0.964156378472861,0,36,11
"12",0.964156378472861,0,11,36
"11",0.964147315355557,2,10,46
"11",0.964066316983028,2,10,42
"27",0.963986689377976,0,26,9
"10",0.963986689377976,0,9,26
"13",0.963838050266517,0,12,10
"11",0.963838050266517,0,10,12
"6",0.963629270417402,1,5,11
"22",0.963517796648421,2,21,28
"6",0.963048836845681,0,5,36
"6",0.962964408830419,0,5,21
"43",0.962875922324834,0,42,7
"8",0.962875922324834,0,7,42
"11",0.962125927737324,2,10,2
"22",0.962011857006356,0,21,11
"6",0.961921699721488,5,5,43
"47",0.96181384011623,5,46,10
"15",0.961710999409323,0,14,10
"11",0.961710999409323,0,10,14
"11",0.961251555435575,2,10,33
"11",0.960512427917537,2,10,18
"10",0.960289504350226,0,9,14
"2",-0.96014094380837,2,1,43
"26",0.959767208391684,0,25,5
"6",0.959767208391684,0,5,25
"37",0.959657682320469,0,36,21
"22",0.959657682320469,0,21,36
"44",0.959333706354122,0,43,7
"8",0.959333706354122,0,7,43
"13",0.959054893278661,1,12,42
"31",0.958845543314967,0,30,3
"4",0.958845543314967,0,3,30
"43",0.958796802815658,0,42,12
"47",0.958684349307097,0,46,5
"6",0.958684349307097,0,5,46
"6",0.958159479429398,2,5,33
"37",0.958015237852313,0,36,25
"26",0.958015237852313,0,25,36
"12",0.957852061440497,5,11,7
"6",0.957850661691946,5,5,10
"37",0.957289263725003,5,36,9
"13",0.957175389770709,2,12,28
"37",0.957011911244312,0,36,27
"28",0.957011911244312,0,27,36
"26",0.956809068103309,0,25,12
"13",0.956809068103309,0,12,25
"27",0.956799960757419,0,26,12
"13",0.956799960757419,0,12,26
"43",0.956585610602263,5,42,43
"16",0.956412326756022,0,15,13
"14",0.956412326756022,0,13,15
"43",0.956225001287739,0,42,10
"47",0.956112431893771,5,46,43
"3",0.956005829091757,5,2,7
"43",0.956002020595323,4,42,23
"28",0.955811882749755,1,27,2
"26",0.95473813867482,2,25,33
"27",0.954549176190764,0,26,25
"26",0.954549176190764,0,25,26
"26",0.95420075241044,0,25,11
"12",0.95420075241044,0,11,25
"31",-0.953702938941532,4,30,16
"11",0.95332889383409,0,10,7
"8",0.95332889383409,0,7,10
"22",0.952796149139295,5,21,7
"13",0.952303576638613,5,12,7
"37",0.951915793729799,5,36,23
"28",0.951834176822817,1,27,44
"27",0.951595059299629,2,26,42
"37",0.951358887306615,5,36,42
"6",0.950817840145446,0,5,2
"47",0.950649937268024,0,46,9
"10",0.950649937268024,0,9,46
"6",0.949896860293288,2,5,18
"2",-0.94964871609067,4,1,8
"23",0.949426863542995,3,22,33
"26",0.949290656843934,1,25,21
"15",0.948787480105146,0,14,7
"8",0.948787480105146,0,7,14
"6",0.948664661377831,0,5,27
"12",0.948565036720866,2,11,6
"42",0.948473171909287,0,41,32
"33",0.948473171909287,0,32,41
"41",0.948463158226112,0,40,19
"20",0.948463158226112,0,19,40
"26",0.948255786351522,0,25,2
"3",0.948255786351522,0,2,25
"47",0.948233921282499,3,46,7
"47",0.947990048312589,3,46,42
"26",0.94776898551996,0,25,10
"11",0.94776898551996,0,10,25
"12",0.947567515887961,2,11,18
"3",0.947271779156313,1,2,44
"27",0.94540635093536,2,26,2
"10",0.945258474152152,2,9,18
"27",0.944930273972546,0,26,11
"12",0.944930273972546,0,11,26
"3",0.944611599094074,0,2,10
"37",0.944450436109766,1,36,44
"13",0.943939998760674,5,12,23
"12",0.943823014063472,0,11,9
"4",0.943820455501278,0,3,1
"2",0.943820455501278,0,1,3
"22",0.943389213351907,5,21,23
"14",0.943002164402535,0,13,1
"2",0.943002164402535,0,1,13
"26",0.942107961842506,0,25,14
"15",0.942107961842506,0,14,25
"37",0.942089875530064,5,36,10
"44",0.94176984820571,0,43,10
"11",0.94176984820571,0,10,43
"47",0.941532364304137,1,46,11
"27",0.941123694050002,0,26,5
"6",0.941123694050002,0,5,26
"43",0.940683126841706,0,42,21
"15",0.940104361961871,4,14,23
"27",0.93982548666341,0,26,7
"8",0.93982548666341,0,7,26
"15",0.939682434248033,2,14,18
"31",-0.939395383114052,2,30,43
"34",0.939153802877241,0,33,18
"19",0.939153802877241,0,18,33
"12",0.93870048957438,1,11,42
"20",0.93852173725311,5,19,5
"15",0.93834635170055,0,14,11
"12",0.93834635170055,0,11,14
"13",0.938131518349465,2,12,46
"10",0.93811575076839,5,9,43
"28",0.937872798738288,0,27,22
"23",0.937872798738288,0,22,27
"28",0.937760249040792,5,27,9
"22",0.937531779256485,5,21,10
"18",0.937509763754755,1,17,10
"27",0.937505377429529,1,26,21
"31",-0.937489623333632,4,30,8
"43",0.937212806692139,2,42,18
"26",0.936692915458586,0,25,9
"10",0.936692915458586,0,9,25
"28",0.936488515076695,3,27,6
"13",0.935920713534604,0,12,9
"10",0.935920713534604,0,9,12
"28",0.935669204809416,0,27,11
"12",0.935669204809416,0,11,27
"3",0.935621824228698,2,2,46
"3",0.935167140593479,0,2,27
"43",0.934749220510232,1,42,11
"15",0.934404506101881,2,14,46
"44",0.93409772018034,0,43,9
"4",-0.93356241988583,4,3,16
"28",0.933391468775951,1,27,12
"14",0.933388111482108,0,13,3
"4",0.933388111482108,0,3,13
"15",0.933245985072061,0,14,12
"13",0.933245985072061,0,12,14
"10",0.933093647198373,5,9,23
"27",0.932924215983744,2,26,33
"31",0.932710664973176,0,30,1
"2",0.932710664973176,0,1,30
"18",0.932600552387329,5,17,32
"12",0.93244237155644,2,11,28
"37",0.931997358208324,2,36,46
"44",0.93161290785148,0,43,17
"18",0.93161290785148,0,17,43
"28",0.931558008961746,5,27,23
"43",0.931465618737872,1,42,46
"13",0.931371375767173,2,12,18
"9",-0.930149251162343,4,8,24
"4",-0.930086540160769,2,3,43
"3",0.929866821327055,5,2,9
"13",0.929685821666645,1,12,44
"26",0.929617450616744,5,25,7
"8",0.929487241878994,2,7,11
"10",0.929372975952538,3,9,33
"15",0.929077389941518,5,14,43
"22",0.928815369260687,0,21,25
"37",0.928698568992921,3,36,6
"22",0.928645409432475,2,21,46
"43",0.928436268169002,0,42,25
"26",0.928436268169002,0,25,42
"25",0.927277484568198,0,24,23
"24",0.927277484568198,0,23,24
"3",0.927141265032713,5,2,42
"43",0.927095161438378,0,42,26
"12",0.926954994377507,1,11,44
"28",0.926845120910707,5,27,10
"43",0.92652369561896,2,42,17
"23",0.926195075185974,3,22,2
"22",0.925960929194889,1,21,44
"18",0.925929569079875,1,17,14
"47",0.925465896957002,3,46,33
"13",0.925372350106219,0,12,27
"45",0.925363213356097,1,44,6
"10",0.925152630543097,1,9,21
"8",0.924788453670674,5,7,32
"28",0.924643204600035,5,27,39
"37",0.924493380654518,0,36,26
"27",0.924493380654518,0,26,36
"47",0.924404347361367,1,46,25
"28",0.924403945440943,3,27,28
"15",0.924254079626245,2,14,33
"6",0.924054283823288,1,5,44
"15",0.923828301646733,2,14,17
"23",0.923660342863515,5,22,7
"11",0.92314968625128,0,10,36
"27",0.922407217507979,2,26,18
"28",0.922041608433871,0,27,21
"22",0.922041608433871,0,21,27
"26",0.921864864743215,5,25,23
"8",0.9210240008709,0,7,5
"3",0.920594591487082,0,2,26
"24",0.920088046049176,4,23,40
"43",0.919267642058351,2,42,33
"27",0.919046603325317,0,26,17
"18",0.919046603325317,0,17,26
"10",0.918842141292255,0,9,36
"13",0.918451406795875,5,12,43
"23",0.918013049159555,3,22,35
"27",0.918004203958499,2,26,46
"47",0.917893675174423,0,46,27
"28",0.917893675174423,0,27,46
"22",0.917758238747296,5,21,43
"4",0.917652883062431,4,3,22
"6",0.917410407655087,2,5,6
"45",0.917213970045647,1,44,33
"34",0.916813027209193,0,33,28
"29",0.916813027209193,0,28,33
"27",0.916320806846663,0,26,14
"15",0.916320806846663,0,14,26
"43",0.915188651612653,2,42,2
"26",0.914753927175733,2,25,6
"3",0.914699899712121,2,2,18
"44",0.914545131118357,1,43,42
"12",0.91448713221286,5,11,39
"18",0.914206698262388,1,17,42
"22",0.914060208406867,0,21,14
"15",0.914060208406867,0,14,21
"23",0.914049552794483,3,22,6
"11",0.913890562162471,2,10,6
"44",0.913659783552052,2,43,46
"45",0.913413896733439,4,44,10
"11",0.913124087071848,0,10,17
"28",0.912949553827022,2,27,18
"28",0.912770880512155,3,27,35
"45",0.912685821753498,4,44,7
"44",0.912464145599179,0,43,14
"16",0.911933466275407,4,15,22
"37",0.911508183120452,2,36,28
"12",0.910831117201844,5,11,23
"3",0.910569283094541,5,2,23
"37",0.910416098530711,5,36,43
"26",0.909710937238021,2,25,46
"28",0.909532019545646,3,27,42
"10",0.909461950738409,2,9,2
"10",0.909044245613668,0,9,27
"8",0.908679204067739,2,7,18
"16",0.9083351124455,0,15,1
"2",0.9083351124455,0,1,15
"28",0.907863037944521,0,27,25
"26",0.907863037944521,0,25,27
"18",0.907542253970635,1,17,11
"8",0.907541057843902,4,7,23
"22",0.907442289522132,2,21,18
"37",0.907157579957165,5,36,39
"18",-0.907102589277391,2,17,30
"23",0.90706327941071,3,22,5
"43",0.906049376879544,0,42,36
"37",0.905563150435035,3,36,35
"31",-0.905464455352219,5,30,32
"44",0.90467791526781,1,43,21
"9",-0.903773818803017,4,8,47
"15",0.903699419255363,2,14,2
"26",0.903043807244733,2,25,28
"8",0.902565925810425,2,7,46
"3",0.902549089794036,0,2,14
"43",0.902439583487811,2,42,6
"47",0.902315921587843,0,46,36
"47",0.902290806473819,0,46,17
"18",0.902290806473819,0,17,46
"23",0.902123305963547,3,22,12
"37",0.901897158853801,2,36,18
"8",0.901805147607279,0,7,12
"6",0.901641597240119,2,5,28
"3",0.901586378186417,5,2,39
"16",-0.900330137210508,4,15,16
"22",0.900317706951807,0,21,26
"31",0.900087697870259,0,30,15
"16",0.900087697870259,0,15,30
"44",0.899989970906876,1,43,11
"22",0.899615927899329,0,21,9
"47",0.899524289345894,0,46,12
"4",0.898982232318069,4,3,44
"18",0.898614681990478,3,17,18
"47",0.898584673606108,0,46,21
"6",0.897780723707734,2,5,17
"4",-0.897622552022037,5,3,37
"23",0.897450115983028,3,22,28
"28",0.896751346715915,0,27,26
"27",0.896751346715915,0,26,27
"45",0.895889002082241,2,44,35
"45",0.895569621680367,1,44,28
"44",0.89527690512969,0,43,26
"27",0.89527690512969,0,26,43
"11",0.895243100382412,5,10,23
"17",-0.894891140160201,4,16,47
"26",0.894162131292874,5,25,43
"27",0.894150389978338,5,26,23
"44",0.893692034251533,4,43,4
"11",0.893537700985055,0,10,27
"37",0.893322587683368,0,36,14
"15",0.893322587683368,0,14,36
"47",0.893076619007827,3,46,18
"31",0.892999461710312,5,30,22
"35",0.892360824927219,0,34,8
"9",0.892360824927219,0,8,34
"11",0.89210364299828,2,10,28
"27",0.891685392865573,2,26,6
"28",0.891664219329779,5,27,43
"35",0.89163407981314,3,34,3
"12",0.890960759234055,5,11,43
"25",0.890930564342147,4,24,3
"2",-0.890735935224171,5,1,32
"38",0.890470813774407,2,37,15
"35",0.890313927155105,3,34,15
"19",0.890232636739859,2,18,24
"46",0.889527520015097,0,45,15
"16",0.889527520015097,0,15,45
"43",0.889507550509417,2,42,28
"8",-0.889002462037311,2,7,30
"45",0.888580314833658,4,44,9
"47",0.888025561191238,3,46,26
"14",-0.887580322898325,4,13,8
"23",0.887522423038907,5,22,39
"9",0.887348912030833,2,8,1
"26",0.887293830215105,2,25,18
"47",0.887206031356996,0,46,22
"23",0.887206031356996,0,22,46
"4",-0.886833870660572,4,3,8
"38",0.886538589413085,2,37,13
"8",0.886520178630979,4,7,8
"14",-0.88631631862634,2,13,43
"8",0.885346567149748,0,7,25
"8",-0.885273786507091,0,7,1
"2",-0.885273786507091,0,1,7
"2",-0.884687461647758,2,1,10
"31",0.884447928534909,4,30,27
"28",0.883923797538934,3,27,14
"8",0.883500270631287,4,7,4
"37",0.882977015198602,0,36,22
"23",0.882977015198602,0,22,36
"18",0.882851662752451,4,17,8
"18",0.882794767233786,0,17,5
"17",-0.882775534437149,4,16,14
"14",0.881999910616758,4,13,27
"48",0.881878966748543,0,47,23
"24",0.881878966748543,0,23,47
"45",0.880961569501548,4,44,42
"15",0.880570901280526,2,14,6
"23",0.8790902783705,1,22,11
"31",-0.877941891527258,0,30,17
"26",0.877658305198112,1,25,44
"24",0.877651560531591,4,23,45
"12",0.877229824895447,3,11,35
"8",0.877064173461348,1,7,21
"38",0.877015840931682,2,37,3
"40",0.876783982442395,4,39,40
"9",-0.876776793635991,4,8,5
"3",0.876520301955397,5,2,43
"23",0.876497507322683,5,22,9
"3",0.875626201104185,3,2,35
"16",-0.875252984197897,5,15,37
"46",0.875174549706344,0,45,3
"4",0.875174549706344,0,3,45
"45",0.875011037944435,4,44,23
"49",0.874731409115827,3,48,6
"49",0.874471041265854,3,48,28
"49",0.874100257811538,5,48,39
"31",-0.87340297052682,0,30,7
"17",0.872885606446648,2,16,3
"9",-0.872375139170129,5,8,46
"23",0.872360066205241,5,22,23
"9",0.871674110274841,4,8,30
"34",0.871615886983222,0,33,6
"7",0.871615886983222,0,6,33
"23",0.871358152022725,5,22,10
"42",0.871158871653874,0,41,20
"21",0.871158871653874,0,20,41
"45",0.870454980891547,4,44,39
"2",0.868817551818777,4,1,44
"31",0.868369836775414,0,30,13
"14",0.868369836775414,0,13,30
"38",0.868359251672938,0,37,16
"17",0.868359251672938,0,16,37
"2",-0.868221843997184,2,1,17
"17",0.86776106345343,0,16,8
"9",0.86776106345343,0,8,16
"15",0.867593300097644,2,14,28
"17",-0.867366534294501,4,16,24
"19",0.866884247747881,2,18,23
"33",-0.866540280813892,4,32,42
"45",0.866181861921374,4,44,11
"16",-0.865713045434679,2,15,43
"16",0.865376907310532,4,15,44
"15",0.865358965863543,0,14,27
"27",0.86499416484699,2,26,28
"43",0.864836481528488,0,42,27
"2",-0.864410862002398,5,1,16
"44",0.863905341121928,2,43,5
"45",0.863782444882313,1,44,22
"33",-0.863176029225222,5,32,46
"18",-0.863118824309324,0,17,1
"44",0.862893052872954,0,43,12
"9",0.862632291251511,0,8,4
"5",0.862632291251511,0,4,8
"8",0.86218391296102,2,7,2
"47",0.861435542321139,0,46,2
"33",-0.861181823870895,4,32,11
"32",0.86108182666667,0,31,29
"30",0.86108182666667,0,29,31
"45",0.860882858963681,5,44,14
"10",0.86061225031763,5,9,32
"23",0.860014052861885,1,22,44
"11",0.859933410462491,1,10,44
"44",0.859730287281081,2,43,18
"4",-0.858927463313424,5,3,32
"47",-0.858847049953921,3,46,30
"29",0.858574325789226,2,28,39
"44",-0.858573754883519,0,43,30
"10",-0.858419948500816,2,9,30
"17",-0.858233240880234,2,16,17
"46",0.858134922015281,0,45,1
"2",0.858134922015281,0,1,45
"44",0.85803405167214,5,43,32
"2",-0.857380177940812,2,1,9
"45",-0.856698788374406,3,44,30
"44",0.856146230383156,0,43,25
"15",-0.856104200861216,2,14,30
"38",-0.855999980398034,4,37,14
"36",0.855767147504647,2,35,12
"45",0.855564885751546,4,44,12
"48",0.855424540137737,0,47,24
"25",0.855424540137737,0,24,47
"20",0.855080827376669,5,19,9
"14",-0.854989161899735,5,13,37
"2",-0.854610208223268,3,1,47
"46",0.85457138408497,4,45,27
"45",0.854558202580733,4,44,43
"47",0.853929885587039,1,46,44
"24",0.853926823669676,4,23,1
"43",0.853918473891334,1,42,44
"2",-0.85366176915412,2,1,11
"41",0.853186362619179,5,40,17
"2",0.852706576395359,4,1,27
"18",0.852449733490194,5,17,23
"46",0.852375875463034,4,45,48
"11",0.852104732068358,5,10,39
"26",0.852019017481323,0,25,17
"18",0.852019017481323,0,17,25
"37",0.852017820669565,3,36,17
"27",0.851370969930116,4,26,4
"8",0.850722667433187,2,7,33
"9",-0.850700852420396,4,8,11
"6",0.850363012211928,0,5,22
"9",0.849951671108285,3,8,3
"2",-0.849549260101535,4,1,14
"11",0.848506593003836,4,10,4
"13",0.848101599555771,2,12,17
"23",0.848046415699105,3,22,42
"37",0.847683300867937,0,36,19
"20",0.847683300867937,0,19,36
"43",-0.847638590661819,3,42,30
"2",-0.847503807261971,5,1,37
"26",0.847437441879297,5,25,39
"43",0.847390884532941,5,42,8
"27",0.847195901659469,1,26,44
"20",0.847137084808571,2,19,28
"33",0.847018578425397,4,32,3
"45",0.846318233806017,4,44,5
"35",0.845992818696946,1,34,37
"49",0.844751910468075,5,48,33
"46",0.84437744286279,0,45,13
"14",0.84437744286279,0,13,45
"43",0.843936847167301,5,42,32
"14",-0.843870842239841,4,13,16
"31",0.843590347511128,4,30,44
"4",0.842928687925737,4,3,19
"5",0.842809050449766,4,4,15
"13",0.842686928222451,5,12,39
"14",0.842547434306262,4,13,48
"33",-0.841643619893283,5,32,47
"10",0.841435092062634,2,9,6
"10",0.841313188369937,1,9,44
"7",0.841258435617763,4,6,14
"20",-0.840724431926008,2,19,37
"26",0.840599754224849,0,25,19
"20",0.840599754224849,0,19,25
"49",0.840051777812086,0,48,27
"28",0.840051777812086,0,27,48
"45",0.838823220704532,1,44,46
"20",0.838283559881881,2,19,6
"31",-0.837542682768274,1,30,9
"6",0.837259175096224,5,5,39
"7",-0.837095074782287,2,6,30
"5",0.837039937488937,4,4,30
"33",-0.836774442804751,3,32,18
"12",0.836710990985629,0,11,17
"10",0.836614487516671,0,9,22
"46",0.83650765838677,4,45,44
"17",-0.836393033473443,2,16,10
"26",0.836026813868147,3,25,35
"18",0.835765713439374,0,17,12
"8",0.835705127747765,0,7,36
"44",0.835467935955036,2,43,33
"2",0.835427626067954,5,1,19
"15",0.834421964806814,1,14,44
"20",0.834203965209932,0,19,2
"3",0.834203965209932,0,2,19
"34",0.833325155578637,2,33,23
"25",0.832560498280595,4,24,40
"10",0.832133406155882,5,9,39
"38",0.831963127600046,2,37,30
"9",0.831899374112409,4,8,15
"25",0.83158711068288,4,24,15
"27",0.83156408845766,5,26,39
"40",0.830776062138982,0,39,23
"24",0.830776062138982,0,23,39
"22",0.830649944536167,5,21,39
"18",0.830305818306176,1,17,21
"16",0.830173212594185,4,15,48
"44",0.830127164093838,2,43,2
"49",0.829864717335165,3,48,35
"10",0.829663150460547,5,9,8
"8",-0.829570016447369,0,7,3
"4",-0.829570016447369,0,3,7
"15",0.828580493759367,5,14,8
"43",0.828019988369248,4,42,4
"32",-0.827469290123394,2,31,25
"25",0.827425165858214,0,24,8
"6",-0.827311624004051,3,5,30
"49",0.827298968497865,3,48,2
"18",0.826983593759464,3,17,33
"30",0.826821705238436,0,29,13
"14",0.826821705238436,0,13,29
"38",-0.826768373892965,3,37,18
"14",-0.826575062638176,5,13,32
"47",0.826460472365076,5,46,8
"46",0.825959826719817,0,45,30
"31",0.825959826719817,0,30,45
"31",-0.825853477987893,5,30,37
"45",0.825638953758711,5,44,47
"16",-0.825444033965524,4,15,8
"44",-0.8239844710328,0,43,3
"35",0.8208264735443,3,34,13
"13",0.820311497323566,3,12,35
"27",0.82013661880854,5,26,32
"15",0.819934317952515,5,14,32
"28",0.81989966012126,3,27,17
"6",0.819892787230074,3,5,35
"25",-0.819763712550495,5,24,46
"33",-0.81886638572404,4,32,23
"41",0.818702922577342,5,40,5
"23",0.818345220814855,3,22,18
"13",0.818229536375873,4,12,4
"14",0.818087573777713,5,13,44
"24",0.818061818570108,4,23,3
"31",-0.817211780328873,1,30,10
"36",0.816896745503471,2,35,17
"33",0.816657002877628,0,32,20
"21",0.816657002877628,0,20,32
"23",0.815080393007773,5,22,43
"9",0.814435265829519,1,8,37
"2",-0.814429508163312,3,1,46
"10",0.814123062593883,2,9,28
"20",0.813843108817858,2,19,33
"18",0.812799047080369,4,17,4
"23",0.812776001456427,3,22,14
"34",0.81262853432841,2,33,24
"18",-0.812510848755387,0,17,3
"4",-0.812510848755387,0,3,17
"35",0.812207706059577,3,34,30
"21",-0.811959037296772,0,20,14
"15",-0.811959037296772,0,14,20
"20",-0.811853482910781,5,19,30
"16",0.811553669162056,4,15,19
"17",0.811309786010214,2,16,1
"21",-0.811197233756901,4,20,42
"41",-0.811185702036354,2,40,37
"38",-0.810866330124812,2,37,10
"31",-0.810617370652338,4,30,4
"38",-0.810516599058654,5,37,47
"12",0.810444151482123,0,11,22
"31",-0.810404075686047,5,30,31
"23",0.810218793796839,3,22,17
"2",-0.810123354569774,4,1,23
"2",-0.810099356395627,2,1,42
"36",0.809201905954796,3,35,14
"44",0.808942125110367,0,43,36
"10",0.808923799667352,5,9,4
"35",-0.808582025924998,5,34,47
"20",0.808172229664071,5,19,17
"43",-0.807736248813355,0,42,1
"8",0.807714781361907,2,7,6
"44",0.807203466191817,5,43,23
"31",-0.807172666652203,2,30,14
"31",-0.80710074673715,3,30,46
"49",0.806486905643627,3,48,5
"6",0.806387865533925,5,5,8
"45",0.806364177970165,1,44,18
"22",0.806259387311956,3,21,35
"41",-0.806194845034454,5,40,30
"49",0.806135269884712,0,48,22
"23",0.806135269884712,0,22,48
"38",-0.806103019255891,4,37,43
"17",0.806073244789867,3,16,30
"44",-0.805610119652843,2,43,20
"38",0.8054322443757,0,37,29
"30",0.8054322443757,0,29,37
"29",0.804885884222294,2,28,23
"33",-0.804317803167888,0,32,25
"26",-0.804317803167888,0,25,32
"44",0.803909473781591,4,43,8
"20",0.803871102618234,1,19,44
"18",0.803518790395454,0,17,36
"4",-0.803142153873178,5,3,31
"22",0.802909900395896,2,21,17
"38",-0.802828800132553,2,37,7
"17",-0.802785802849935,0,16,6
"7",-0.802785802849935,0,6,16
"44",-0.802769287813073,0,43,1
"33",-0.802102647139888,3,32,10
"21",-0.801811819292011,3,20,10
"30",0.80172574659299,0,29,20
"21",0.80172574659299,0,20,29
"33",-0.801522861355273,3,32,17
"41",-0.800735127658629,2,40,34
"48",-0.800364503512088,4,47,2
"35",-0.800300347888184,5,34,46
"27",-0.800219382367087,2,26,30
"20",-0.80006914871306,1,19,34
"36",0.800011025869911,2,35,18
"18",-0.799484045674355,2,17,15
"6",0.799363400833702,4,5,47
"11",0.799168189770069,3,10,35
"10",0.79911555394954,3,9,35
"17",-0.798928126480169,2,16,7
"9",-0.798717923408607,4,8,42
"27",0.798697205811081,3,26,35
"26",0.79844619173866,0,25,22
"23",0.79844619173866,0,22,25
"8",0.798073919862578,0,7,27
"5",-0.798039155089555,4,4,11
"48",0.797923236779748,4,47,1
"47",0.797790364606258,5,46,32
"2",-0.797756546387775,3,1,18
"45",0.797308824136845,1,44,17
"19",0.7972494648733,2,18,47
"3",0.797219291642976,0,2,22
"19",0.796863773899964,2,18,32
"14",-0.796784480967181,0,13,7
"8",-0.796784480967181,0,7,13
"11",0.796518965195872,5,10,32
"47",0.795972832678463,2,46,6
"23",0.795956440218625,5,22,26
"38",0.79586138015577,0,37,1
"18",0.79579920262057,0,17,27
"49",0.795267355351051,1,48,44
"18",0.794856562035889,2,17,2
"38",-0.794820531472177,4,37,8
"5",-0.794461611249425,4,4,24
"7",0.794435827735149,4,6,47
"42",-0.794399377557411,5,41,47
"33",-0.793977069471997,3,32,9
"14",-0.793598637552284,3,13,47
"36",0.792826694270044,2,35,7
"46",0.792542884525484,4,45,19
"20",0.79244624925114,0,19,12
"13",0.79244624925114,0,12,19
"21",-0.792393265290426,3,20,7
"19",0.792279361702226,2,18,4
"14",0.792084283132094,4,13,22
"42",0.792015834373074,2,41,30
"49",0.79199034110059,5,48,26
"49",0.791936274194522,5,48,12
"16",-0.791607720804771,5,15,32
"43",0.791453942057003,4,42,39
"47",0.791396521514614,4,46,47
"9",-0.790723311097907,2,8,17
"10",-0.790405139224793,0,9,1
"21",-0.790386512134998,3,20,9
"14",0.790282695168069,5,13,19
"5",-0.79016512091005,4,4,42
"33",-0.790012351403848,0,32,5
"6",-0.790012351403848,0,5,32
"2",-0.789980442922873,5,1,31
"8",-0.789940279109701,2,7,15
"5",0.789702085651754,4,4,3
"35",-0.789667118771604,4,34,5
"47",0.789222364064855,3,46,35
"7",0.789155604410916,2,6,39
"9",-0.788995078757102,4,8,2
"35",-0.788874303452854,4,34,11
"25",-0.788278575329996,4,24,2
"45",-0.788007273277797,0,44,34
"35",-0.788007273277797,0,34,44
"11",-0.787907358378578,2,10,30
"22",0.787531167593215,0,21,19
"20",0.787531167593215,0,19,21
"48",0.78750653991077,1,47,8
"13",0.787427607175652,0,12,22
"21",-0.787338847566139,4,20,23
"20",0.786925673362665,5,19,42
"48",0.786441647319301,4,47,3
"31",-0.785390850852187,3,30,47
"25",0.785248128260878,1,24,34
"14",0.785117957517398,4,13,41
"33",0.784905883393989,2,32,30
"9",-0.784864381955274,4,8,14
"17",0.784683841908885,2,16,15
"28",0.784672277576082,4,27,47
"3",0.784433941456614,2,2,17
"42",-0.784433658917474,3,41,18
"47",0.784187033872517,5,46,39
"8",-0.783891953813563,5,7,19
"23",0.783557854292484,0,22,21
"22",0.783557854292484,0,21,22
"17",-0.782979248817597,4,16,42
"33",-0.782846623128563,3,32,7
"33",-0.782798252912176,5,32,14
"31",0.782727202828452,3,30,19
"27",-0.782595292263616,2,26,3
"44",-0.782240086049341,5,43,22
"38",-0.782175160199247,4,37,23
"27",0.782143651025696,0,26,22
"22",-0.782022184908637,1,21,20
"8",0.781866155718003,2,7,28
"41",-0.781808773038709,2,40,8
"7",0.781672682905829,2,6,43
"49",0.781364458033862,2,48,21
"17",-0.781204773636463,4,16,23
"29",0.781056489492776,0,28,18
"19",0.781056489492776,0,18,28
"15",0.780873356898081,5,14,4
"13",-0.780554563697837,4,12,30
"15",-0.779950164030844,0,14,1
"44",0.779904830920925,2,43,6
"5",-0.779780198237263,2,4,17
"17",-0.779588760854789,2,16,11
"33",-0.779271187963834,2,32,12
"42",-0.77919909736573,4,41,42
"43",0.778730873092212,4,42,47
"30",-0.778531292854715,2,29,25
"38",-0.778262175228681,2,37,17
"17",-0.778088087507733,4,16,5
"21",-0.778020117719336,2,20,26
"27",-0.777935687065356,2,26,13
"4",-0.777759776559518,3,3,47
"38",-0.777291554587904,4,37,42
"12",0.777252591495803,4,11,4
"36",0.777120034190599,3,35,5
"35",0.776622718237993,1,34,16
"36",0.776443117709458,0,35,9
"21",0.776339964873028,2,20,30
"40",0.77625537144572,4,39,45
"4",-0.776078057124883,1,3,9
"18",-0.776072858839286,0,17,13
"14",-0.776072858839286,0,13,17
"36",0.775979433318528,5,35,46
"45",0.77580065458504,4,44,26
"17",-0.775228225129255,4,16,43
"36",-0.774792815659478,2,35,30
"18",0.773957862757246,0,17,35
"20",-0.77369159535871,3,19,1
"47",0.77359481352302,2,46,28
"10",0.773057359868165,4,9,47
"36",0.772774901574014,2,35,26
"34",0.772590028466604,1,33,35
"46",-0.772456086768687,2,45,14
"4",-0.772374729165818,2,3,14
"26",-0.772149387233227,2,25,30
"42",-0.771802138389795,5,41,46
"41",-0.771410662411197,5,40,3
"25",0.771238504301556,4,24,1
"43",-0.77061520460861,2,42,3
"30",0.770178477111271,4,29,48
"21",-0.769995181517357,3,20,43
"31",-0.769827265904895,2,30,11
"25",0.769665033646224,4,24,45
"14",-0.769284665420799,2,13,10
"38",-0.768999377832424,0,37,6
"7",-0.768999377832424,0,6,37
"9",-0.768972528020822,1,8,27
"43",-0.768664880869412,0,42,20
"20",-0.768347490846687,1,19,8
"20",0.768278501793867,5,19,47
"21",-0.768182507141459,3,20,11
"30",-0.768063102846411,2,29,17
"10",-0.767772646740942,2,9,3
"36",0.767710834666667,4,35,24
"5",-0.767326353515722,2,4,26
"49",0.767314995900013,2,48,18
"2",-0.767155424403094,4,1,4
"30",0.766932008498129,0,29,1
"2",0.766932008498129,0,1,29
"20",0.766929216648709,5,19,7
"48",0.766804748541223,4,47,45
"36",0.766678154846079,3,35,42
"18",0.766628326443343,4,17,16
"11",0.766132509887928,5,10,8
"48",0.765937708861299,4,47,15
"15",0.765773165360785,5,14,39
"7",0.765598988852622,2,6,23
"33",-0.765551446944375,5,32,43
"20",0.76540173197717,0,19,11
"12",0.76540173197717,0,11,19
"35",0.765185713932794,2,34,1
"17",-0.76515026419822,2,16,9
"49",0.765105994521519,5,48,9
"35",0.764616404098365,3,34,45
"48",0.764127094899752,1,47,34
"7",0.7638028745838,3,6,18
"29",0.7635412653829,4,28,14
"27",-0.763399303016461,2,26,15
"30",0.763255901872687,0,29,15
"16",0.763255901872687,0,15,29
"6",-0.763060124660403,1,5,1
"47",-0.762617540962558,1,46,20
"44",-0.762181433990069,4,43,27
"29",-0.762049169825153,2,28,30
"46",-0.761891277853453,4,45,4
"5",-0.761882972693845,5,4,46
"33",0.761338938599351,1,32,16
"44",-0.761193241940587,0,43,15
"33",-0.761050373974237,2,32,26
"44",0.760977035757398,2,43,28
"35",0.760778307573584,0,34,4
"5",0.760778307573584,0,4,34
"22",0.76053789637859,4,21,4
"4",-0.760517019521584,2,3,10
"11",0.760230901263799,0,10,22
"21",-0.760180378222301,5,20,47
"36",0.75955862726716,0,35,48
"45",0.7594261829717,5,44,8
"22",-0.759419007871844,3,21,30
"30",-0.758864771400655,3,29,9
"16",-0.758743921914497,0,15,7
"9",-0.758506118501397,4,8,9
"25",-0.758452440291036,4,24,6
"28",0.758381573795631,4,27,24
"18",-0.758371846385765,5,17,22
"2",0.757844278150582,5,1,22
"9",-0.757595613999317,4,8,23
"28",0.75759559626249,0,27,19
"20",0.75759559626249,0,19,27
"34",0.757488404324886,3,33,39
"20",0.757363046988115,3,19,35
"31",-0.757212221399733,2,30,42
"17",0.757032745299304,2,16,13
"26",0.756926387469378,4,25,4
"35",-0.756607464380421,5,34,14
"3",-0.756573320058879,4,2,30
"36",0.756374274234251,4,35,47
"21",-0.756081676515276,5,20,8
"24",0.755747638164411,4,23,15
"30",-0.755664862250003,3,29,18
"7",0.755269403042156,3,6,7
"32",-0.755187333420213,1,31,21
"18",-0.755151593447114,5,17,19
"35",-0.75510264744119,4,34,42
"36",0.754804078032778,5,35,4
"38",-0.754745045704269,2,37,11
"6",-0.754720459250233,1,5,20
"30",-0.754593128213647,0,29,14
"15",-0.754593128213647,0,14,29
"6",0.754579064922588,4,5,24
"26",-0.754536918767846,0,25,20
"21",-0.754536918767846,0,20,25
"21",-0.754504564545461,3,20,18
"33",-0.754065867634803,0,32,27
"28",-0.754065867634803,0,27,32
"41",0.753936420709448,5,40,9
"4",-0.752693704896176,5,3,29
"43",-0.752508212892744,5,42,19
"46",0.752496511875264,4,45,41
"41",0.751790263760128,2,40,28
"13",-0.751782502810441,1,12,20
"46",-0.751581427963121,4,45,16
"29",-0.751288258466687,0,28,16
"17",-0.751288258466687,0,16,28
"42",-0.750842482295139,5,41,14
"3",0.750673789543026,4,2,4
"24",0.75045680874593,1,23,34
"16",0.750425636977733,4,15,41
"30",-0.750388430178793,4,29,42
"42",-0.750183427437485,0,41,25
"26",-0.750183427437485,0,25,41
"35",-0.750179790270339,1,34,6
"33",0.750003807721526,0,32,8
"9",0.750003807721526,0,8,32
"41",0.749823185347292,1,40,36
"41",0.749787911857502,0,40,2
"3",0.749787911857502,0,2,40
"21",-0.749729726647676,1,20,46
"6",0.74950190203486,4,5,4
"37",-0.749468691442363,4,36,30
"18",0.749188311160536,4,17,47
"15",0.749095445416147,0,14,35
"8",0.74885948838119,4,7,47
"8",0.748712215424425,1,7,44
"25",0.748223742906736,2,24,16
"49",0.747976726991474,2,48,36
"41",0.747907045291902,3,40,6
"20",-0.747760333219989,4,19,3
"42",-0.747599061601778,4,41,11
"35",-0.747508801306122,1,34,28
"27",0.747208892071896,4,26,8
"45",-0.746974718102352,1,44,1
"41",0.746915116698885,3,40,35
"49",0.746464209920688,5,48,7
"43",-0.746050787794695,0,42,29
"8",-0.745632891070289,5,7,22
"14",-0.744936675806828,2,13,14
"33",0.744867792726315,1,32,34
"17",0.744583454506288,0,16,4
"5",0.744583454506288,0,4,16
"21",-0.744516623724493,0,20,5
"26",-0.744381535314655,2,25,13
"19",0.744322807907509,2,18,8
"42",-0.7437780775816,4,41,23
"5",-0.743538541693954,4,4,5
"36",0.743456401042286,0,35,10
"11",-0.743368121202891,0,10,1
"9",0.742889076218163,3,8,13
"33",0.741976889036586,4,32,15
"29",0.74145665622207,5,28,38
"15",0.741402633953076,4,14,47
"24",-0.74138261128673,4,23,2
"42",-0.741171419447184,2,41,26
"2",0.740841054646682,4,1,48
"14",0.740718144153425,4,13,20
"4",0.739817599037419,4,3,48
"4",-0.739603953102816,4,3,4
"48",0.739558126959111,2,47,16
"17",0.739362671424716,0,16,34
"32",-0.739167257963675,2,31,14
"44",-0.739116167939976,0,43,13
"6",0.738927494597608,0,5,19
"26",0.738618767011302,5,25,47
"15",0.738518936191901,0,14,22
"35",0.738039612674215,0,34,24
"42",-0.737965211305623,3,41,10
"43",0.73758662486286,0,42,22
"28",-0.737531542116879,3,27,30
"16",-0.736958188433822,4,15,31
"27",0.736890054034893,0,26,19
"20",0.736890054034893,0,19,26
"30",-0.736860750190313,3,29,10
"37",0.736627954099457,0,36,40
"8",0.736418137819577,5,7,37
"33",0.736284381361417,0,32,24
"25",0.736284381361417,0,24,32
"44",0.736223131432862,4,43,16
"30",-0.736149021718069,4,29,23
"48",0.7360214083337,4,47,31
"43",-0.735702208689233,2,42,13
"30",-0.735452389049873,5,29,47
"13",0.735403624827429,5,12,32
"32",-0.735267861938335,1,31,46
"49",0.735224666660081,3,48,14
"5",-0.733929897476322,4,4,23
"14",-0.733787324256524,3,13,18
"14",-0.733728937995703,2,13,11
"36",0.733688293110933,0,35,27
"49",0.733660757673476,0,48,11
"12",0.733660757673476,0,11,48
"36",0.733624526529402,0,35,6
"7",0.733624526529402,0,6,35
"21",-0.733581150338095,1,20,17
"27",-0.733508187931303,1,26,1
"20",0.73347076905704,5,19,23
"46",-0.733209492185821,4,45,8
"32",-0.732864540293574,5,31,5
"27",0.732736459670779,4,26,24
"37",-0.732682206373328,0,36,32
"33",-0.732682206373328,0,32,36
"13",0.732584349492482,4,12,24
"16",-0.732581746133297,0,15,17
"23",0.732422621172013,4,22,47
"17",-0.73220069256876,3,16,18
"10",-0.73132025069162,2,9,15
"14",-0.731183540116714,4,13,4
"27",0.731110556223894,4,26,47
"7",0.730937640318482,5,6,46
"45",-0.730880173700559,2,44,3
"15",-0.730780884696241,5,14,19
"31",-0.730631323787005,5,30,29
"30",-0.730529479366369,2,29,7
"20",0.730195463918458,5,19,39
"10",-0.730183722869639,2,9,13
"47",-0.729806721397777,1,46,41
"6",-0.729728285900849,2,5,3
"7",-0.729180482669065,0,6,1
"2",-0.729180482669065,0,1,6
"20",0.728697256980274,5,19,24
"47",-0.728685997834376,1,46,1
"7",0.728679866330555,5,6,8
"46",-0.728670964563133,4,45,32
"32",-0.72854147639059,2,31,28
"31",0.72836892543494,5,30,28
"46",-0.728315502802156,2,45,43
"43",0.727981952257772,4,42,24
"8",0.727912600610476,4,7,16
"16",-0.727875295681098,3,15,47
"48",0.72740216648945,4,47,40
"11",-0.72710529231663,2,10,3
"28",-0.726972970590786,1,27,20
"7",0.72676352124749,2,6,17
"32",-0.726484271007318,0,31,11
"12",-0.726484271007318,0,11,31
"30",-0.726465422347835,4,29,43
"33",-0.726404627742344,0,32,6
"7",-0.726404627742344,0,6,32
"36",0.726003623153216,5,35,29
"46",-0.725597235573899,0,45,7
"8",-0.725597235573899,0,7,45
"46",0.72552278599845,0,45,31
"32",0.72552278599845,0,31,45
"41",0.725216348737101,2,40,33
"15",-0.725044412167906,2,14,3
"18",-0.724870851343269,5,17,44
"44",-0.724768353916823,0,43,45
"14",-0.724638626589786,2,13,9
"13",0.724635801564991,5,12,8
"38",-0.723718334333698,2,37,9
"25",0.723209550418844,1,24,37
"20",-0.723139153621636,1,19,16
"25",-0.722998519432298,4,24,11
"34",0.722915985593152,2,33,4
"48",0.722852266862573,4,47,29
"18",0.722850726836752,5,17,31
"2",-0.722832834415927,0,1,26
"8",0.722406171553752,0,7,35
"43",-0.722359082721083,0,42,31
"32",-0.722359082721083,0,31,42
"35",0.722314534452339,0,34,32
"32",-0.722237998337413,2,31,6
"33",0.722136930234743,3,32,1
"47",0.722100075303212,5,46,4
"7",0.72183785288009,3,6,10
"42",-0.721804644891594,3,41,7
"13",0.721692342213123,4,12,47
"41",0.720960361550779,1,40,44
"38",0.720959958953239,3,37,40
"7",0.720321098767009,5,6,38
"41",0.720299232087225,5,40,39
"46",-0.720227460977454,3,45,46
"29",0.720223354210213,4,28,47
"15",-0.720148882246156,2,14,13
"33",-0.71998931033593,3,32,2
"45",-0.71908879811142,2,44,13
"4",-0.718891920515954,0,3,42
"41",0.718866640963562,0,40,25
"26",0.718866640963562,0,25,40
"6",-0.71878840815003,2,5,13
"32",0.718719033664561,2,31,20
"44",0.718277682738758,5,43,39
"7",0.718193259721872,4,6,42
"26",0.717805604581012,5,25,8
"5",-0.717749162634696,4,4,7
"45",0.717513437475857,3,44,24
"32",-0.717358406768678,0,31,10
"11",-0.717358406768678,0,10,31
"30",-0.717166493656451,2,29,26
"37",-0.717029798518309,1,36,16
"16",-0.716889967853603,2,15,14
"32",-0.716860978811239,0,31,12
"13",-0.716860978811239,0,12,31
"43",0.716566080773318,2,42,35
"8",0.716409011028759,5,7,31
"37",0.716238551964248,4,36,4
"30",-0.716192418395576,1,29,46
"37",0.716187262347985,0,36,48
"42",0.716088789407036,2,41,13
"9",-0.716074129203199,2,8,12
"15",-0.715838139836214,0,14,31
"19",0.71565258380231,0,18,6
"10",-0.715515607793684,5,9,19
"30",0.715387094290271,4,29,19
"41",-0.71522623619984,3,40,1
"17",-0.715067908318116,5,16,46
"24",-0.714987684065272,5,23,46
"26",-0.71480808154625,2,25,37
"32",-0.714752177463784,0,31,2
"3",-0.714752177463784,0,2,31
"30",0.714588013568981,0,29,3
"8",-0.714529238970938,0,7,29
"12",-0.714315744569429,4,11,30
"9",-0.714289087913091,2,8,10
"3",0.71426395741655,0,2,48
"42",0.714097747652259,0,41,37
"38",0.714097747652259,0,37,41
"2",-0.714006999104315,0,1,5
"37",0.713973787619591,5,36,47
"15",-0.713838321948169,0,14,41
"42",-0.713745107430989,3,41,9
"22",0.713538540366924,5,21,8
"7",-0.713116014730822,2,6,3
"42",-0.713021096621289,0,41,6
"7",-0.713021096621289,0,6,41
"38",0.712873729774166,0,37,32
"33",0.712873729774166,0,32,37
"5",-0.712802372816642,2,4,12
"24",0.712795278557436,1,23,8
"46",0.712508820802234,4,45,22
"26",-0.712169345987683,0,25,31
"9",-0.711897061421115,1,8,44
"5",-0.711623406738425,2,4,9
"4",-0.711473948936431,2,3,11
"36",0.711467533152419,5,35,31
"30",0.710947498946129,4,29,30
"42",-0.710820222843301,4,41,43
"33",0.710730439595533,0,32,4
"5",0.710730439595533,0,4,32
"7",0.710199904266223,3,6,9
"32",-0.710057149639378,4,31,33
"31",-0.709646942376756,3,30,23
"38",-0.708775754714336,4,37,24
"5",-0.708341521345783,3,4,36
"25",0.708303774671897,0,24,4
"28",0.708106841630156,5,27,4
"45",-0.708080449681834,1,44,16
"41",-0.707977839714218,2,40,32
"11",-0.707817895085773,2,10,13
"38",0.707483159372082,5,37,44
"15",0.707206543408186,4,14,24
"41",0.706927146938715,5,40,12
"29",0.7069140022959,2,28,43
"43",-0.706738684606855,2,42,15
"34",0.706508971346397,2,33,47
"18",0.706316779892388,5,17,39
"5",-0.706231795146968,2,4,25
"32",0.706209223597224,0,31,13
"14",0.706209223597224,0,13,31
"46",-0.706057056313157,2,45,11
"30",-0.7059971779022,0,29,5
"6",-0.7059971779022,0,5,29
"33",0.705470848304063,2,32,13
"18",0.705469628302393,0,17,6
"10",-0.705431102651711,0,9,20
"29",0.705409513807824,5,28,46
"32",0.705264021636427,4,31,48
"44",-0.705224108171028,3,43,19
"24",-0.705149695719775,4,23,6
"8",-0.704662419727595,2,7,20
"44",-0.704635227847823,0,43,31
"32",-0.704635227847823,0,31,43
"45",-0.704498064745899,0,44,37
"9",-0.704438715831619,4,8,7
"38",0.703953859554,5,37,19
"42",0.703913640478909,3,41,3
"5",-0.703690371550204,4,4,47
"28",-0.703529826708866,2,27,1
"38",-0.703414429055397,4,37,46
"46",-0.703301328480408,2,45,25
"38",-0.703081182917374,0,37,28
"29",-0.703081182917374,0,28,37
"44",-0.703003024451245,2,43,41
"28",-0.702866934767229,3,27,3
"11",0.702844013653822,4,10,47
"13",-0.702755582633557,1,12,1
"33",-0.702458730788475,0,32,19
"20",-0.702458730788475,0,19,32
"13",-0.702116515110401,2,12,13
"47",-0.701662296643043,2,46,3
"46",-0.701414254249902,4,45,26
"37",-0.701405247387813,0,36,31
"32",-0.701405247387813,0,31,36
"35",0.701274148214959,4,34,40
"36",0.701215098510592,1,35,11
"16",-0.700783775509115,4,15,4
"35",-0.70077297983187,4,34,23
"36",-0.700687285751542,2,35,3
"44",0.700600416028399,5,43,37
"30",-0.700087397876315,5,29,11
"9",0.699658665069663,2,8,40
"30",0.699574845585788,4,29,27
"40",0.698894919200539,3,39,1
"47",-0.698666078528019,2,46,13
"7",0.698578132749528,3,6,12
"5",0.698484068685184,4,4,13
"13",-0.698438413884919,2,12,3
"11",0.698062126157394,4,10,24
"35",-0.697312465110459,3,34,17
"12",0.69716574979783,5,11,8
"35",-0.697056832612947,1,34,33
"45",-0.696449205892245,1,44,41
"33",-0.696310338002156,0,32,22
"23",-0.696310338002156,0,22,32
"37",0.695201379444077,5,36,8
"33",-0.694674207372234,2,32,33
"8",0.694612750924185,5,7,39
"33",-0.694370447470323,1,32,44
"14",-0.694333206634263,0,13,42
"16",-0.694173372848221,1,15,9
"9",-0.694125183760931,3,8,18
"41",-0.693114600785768,2,40,24
"36",0.693101390345462,5,35,33
"10",0.693061093078383,4,9,24
"40",0.692817592345444,0,39,4
"5",0.692817592345444,0,4,39
"20",0.692775673030866,5,19,14
"46",-0.692661029989425,5,45,37
"14",-0.692630648672425,3,13,23
"5",-0.692524363974391,1,4,44
"32",-0.69212637681405,4,31,4
"6",-0.691982840830092,1,5,16
"14",-0.691845906756726,3,13,46
"31",-0.691798829131365,3,30,18
"37",-0.691683378420605,3,36,3
"37",-0.691665882607354,1,36,34
"2",-0.691621619653677,5,1,38
"49",0.691586477883025,3,48,42
"30",0.691557135461321,0,29,16
"17",0.691557135461321,0,16,29
"3",-0.691533181883694,1,2,20
"31",-0.691248937123634,0,30,26
"28",-0.690993901718863,1,27,34
"17",-0.690676731099426,2,16,26
"45",-0.690525147587469,0,44,32
"4",-0.690445469885363,3,3,46
"49",0.690010255351386,5,48,17
"12",0.689926752849865,5,11,32
"42",-0.689568854051412,0,41,5
"6",-0.689568854051412,0,5,41
"28",0.689249721819409,5,27,8
"35",-0.688689205222419,4,34,9
"42",-0.688490473349519,3,41,12
"38",-0.688069748962655,4,37,5
"7",-0.687669832698401,2,6,15
"42",-0.687401238212366,3,41,17
"41",-0.687204513848817,2,40,16
"36",0.687197304059913,4,35,23
"20",0.686865669043731,0,19,10
"11",0.686865669043731,0,10,19
"36",0.686851495768962,0,35,28
"29",0.686851495768962,0,28,35
"48",-0.686797691763036,3,47,44
"22",-0.686786994864499,1,21,41
"16",-0.686638327624666,2,15,10
"4",-0.686342746115126,2,3,23
"36",0.686242443987639,3,35,2
"48",0.686241816421187,4,47,13
"32",0.685810231059153,4,31,30
"7",0.685809953443121,2,6,26
"22",0.685714363317815,4,21,47
"45",-0.685627290014733,3,44,15
"49",0.685410707323729,4,48,24
"45",0.6853033284654,1,44,36
"18",0.685209344089417,5,17,37
"5",-0.685104882426533,2,4,10
"30",0.685095185508202,0,29,4
"5",0.685095185508202,0,4,29
"21",-0.684646641149384,4,20,33
"33",-0.684444318705498,0,32,21
"22",-0.684444318705498,0,21,32
"36",0.684133122360163,2,35,43
"24",0.684031012757897,2,23,16
"11",-0.683936915347868,2,10,15
"32",0.683471073569821,0,31,15
"20",-0.683318408215537,1,19,4
"49",0.683022132364274,2,48,46
"12",0.683005430028958,4,11,24
"9",-0.682621321623793,4,8,43
"19",0.682277870901092,2,18,39
"17",-0.682204018500913,0,16,44
"40",0.682108750065617,0,39,24
"25",0.682108750065617,0,24,39
"38",-0.681900533277805,2,37,26
"40",0.681715493121333,3,39,13
"26",-0.68139576187151,0,25,29
"44",0.681347585543661,1,43,44
"4",0.681126711010245,5,3,28
"41",0.680762158760614,0,40,27
"28",0.680762158760614,0,27,40
"25",0.679987489203705,4,24,13
"21",-0.679904100820684,3,20,12
"3",0.679888749437294,4,2,24
"5",-0.679805918299581,1,4,27
"41",0.679711023792735,0,40,21
"22",0.679711023792735,0,21,40
"32",-0.679495957900656,0,31,7
"37",-0.679440382060563,1,36,1
"42",-0.679027770847552,5,41,8
"41",-0.679007264430825,5,40,15
"22",0.678951326710936,4,21,24
"25",-0.678674784620213,4,24,17
"16",0.678629216347485,2,15,20
"10",-0.678598174126715,0,9,29
"28",-0.678527332927694,3,27,13
"6",-0.678522265383035,0,5,31
"11",-0.678414557043865,1,10,20
"22",-0.67834434617443,1,21,1
"29",0.6781083912478,2,28,24
"36",-0.677847135112038,0,35,16
"17",-0.677847135112038,0,16,35
"12",-0.677755875220402,1,11,20
"36",0.677581907279832,5,35,39
"36",0.676986384842947,0,35,22
"18",0.676951571468354,3,17,28
"48",0.676802340020791,5,47,30
"22",-0.676800581340811,1,21,29
"36",0.67563013977558,0,35,25
"5",-0.675222210081731,0,4,14
"49",0.675050801844017,0,48,10
"11",0.675050801844017,0,10,48
"18",-0.67431426426216,2,17,20
"34",0.674130054172981,5,33,38
"30",-0.673969301707242,4,29,32
"17",0.673919770962884,5,16,19
"6",0.673733597658483,0,5,48
"27",-0.67371982387502,1,26,20
"8",0.673247472527754,4,7,24
"2",0.673086403987555,4,1,20
"39",-0.672632652370961,3,38,46
"25",-0.67237656952677,4,24,5
"40",0.672310323252618,4,39,38
"45",0.672301058759828,0,44,21
"17",0.672282022881646,2,16,40
"32",-0.672146243093476,2,31,9
"15",-0.672071498569177,2,14,15
"24",0.672008265562454,4,23,31
"12",0.671551747709234,4,11,47
"28",-0.67151588758073,1,27,37
"2",-0.671492032013069,2,1,25
"37",-0.671149902417438,0,36,20
"21",-0.671149902417438,0,20,36
"3",-0.670872253957859,1,2,34
"21",-0.670338120957307,1,20,6
"36",-0.670128702854447,0,35,32
"33",-0.670128702854447,0,32,35
"26",0.670076341722006,4,25,24
"26",-0.669929575951607,2,25,3
"35",-0.669889656856513,1,34,27
"49",0.669689844084279,5,48,4
"13",-0.669669293936256,1,12,34
"14",0.669512974070371,1,13,40
"46",-0.668401701049438,2,45,9
"35",-0.668394446393602,4,34,7
"35",-0.668300798910338,4,34,2
"26",-0.667683165448142,1,25,1
"6",-0.667676140335773,2,5,15
"43",-0.667571390734854,0,42,37
"20",0.667221669560416,5,19,43
"22",-0.667159378367601,0,21,31
"26",-0.66697482073425,1,25,34
"32",-0.666926916902738,4,31,26
"3",-0.666859914908668,0,2,32
"23",-0.666687120303895,3,22,30
"41",0.666566170861246,0,40,11
"12",0.666566170861246,0,11,40
"24",0.666490916406438,4,23,29
"45",-0.665761512788909,0,44,20
"21",-0.665761512788909,0,20,44
"37",0.665412831990285,4,36,24
"46",-0.665247127341353,4,45,29
"46",0.664990419526136,0,45,38
"39",0.664990419526136,0,38,45
"47",-0.664954766313106,2,46,15
"10",0.664906270687003,0,9,48
"30",0.664833948419119,0,29,45
"13",0.663546571266539,0,12,40
"21",0.663526707253561,3,20,3
"24",0.663453425823649,5,23,30
"15",0.66341518577549,5,14,37
"27",-0.663151204711826,0,26,31
"36",-0.663098302282595,0,35,1
"2",-0.663098302282595,0,1,35
"43",-0.662517665980222,0,42,16
"18",0.662496653149213,5,17,29
"27",0.662375285837049,0,26,48
"26",-0.661990481387055,2,25,15
"42",0.661472872687657,1,41,16
"20",0.660852071925339,3,19,18
"20",-0.660558576009911,5,19,15
"46",-0.66054457638922,2,45,17
"15",0.659909505099764,5,14,16
"32",-0.659829456542572,2,31,18
"6",-0.659719471362977,1,5,34
"44",0.659581646921203,3,43,35
"41",0.659314592920491,5,40,7
"22",-0.659119323349331,1,21,34
"47",0.659047725551054,4,46,24
"35",-0.658771733157511,2,34,10
"35",-0.658583512166066,2,34,35
"46",-0.658578274194766,2,45,10
"9",-0.6584768509056,0,8,6
"20",0.658450587265569,2,19,46
"4",0.658252487821492,2,3,20
"17",0.65812136648549,4,16,20
"42",-0.658112470755147,0,41,28
"29",-0.658112470755147,0,28,41
"11",-0.658054619609071,0,10,29
"3",-0.657735426477808,2,2,37
"36",-0.657670041814381,2,35,15
"46",-0.657493265209931,0,45,42
"43",-0.657493265209931,0,42,45
"25",0.657162505014264,5,24,30
"17",-0.656875310715365,5,16,32
"44",0.656824380084878,5,43,29
"31",-0.656756577006496,1,30,5
"33",-0.656613128551665,0,32,28
"29",-0.656613128551665,0,28,32
"2",-0.656547605446129,0,1,12
"22",-0.656516103126073,1,21,16
"39",0.656411369993118,5,38,44
"36",-0.656321952469454,2,35,13
"5",-0.656251227711007,2,4,18
"4",-0.656178171722261,5,3,38
"41",-0.656060560564383,4,40,38
"46",0.655064941886456,4,45,20
"26",-0.654990845716388,1,25,16
"23",-0.654364509370389,3,22,13
"7",0.654216251875869,4,6,11
"49",0.654211590125516,4,48,47
"13",0.654156888792507,0,12,48
"5",-0.654075334967741,4,4,33
"42",0.654016710433403,3,41,40
"16",0.653886450537343,4,15,21
"32",-0.653837937202082,4,31,39
"30",-0.653398310684071,3,29,12
"21",0.653300468606801,3,20,15
"21",0.65315613066474,1,20,16
"21",-0.653023430292733,0,20,21
"43",-0.652886871201507,0,42,41
"24",-0.652669922129181,2,23,44
"13",-0.652519162720583,1,12,16
"22",-0.652171115405321,3,21,3
"38",0.651720150343696,0,37,20
"21",0.651720150343696,0,20,37
"10",-0.651333279442963,0,9,41
"7",-0.651285872005153,2,6,13
"21",0.651256080105004,0,20,31
"22",-0.651115670020005,1,21,37
"22",-0.650453917874574,3,21,13
"32",-0.650358875698218,1,31,44
"3",0.65031237677105,5,2,8
"23",-0.650277091844623,3,22,3
"5",-0.650145941522814,2,4,35
"3",0.648622876505737,5,2,47
"16",-0.648152090845234,0,15,42
"31",0.645770003316213,5,30,25
"13",-0.645674537438883,2,12,37
"49",-0.645575051565362,1,48,31
"17",-0.645453519797885,2,16,12
"10",-0.645314134511211,0,9,31
"4",-0.64471215554557,3,3,18
"41",0.644453933620598,5,40,42
"38",0.644016140029193,0,37,34
"31",-0.643886899154207,5,30,38
"18",-0.643856034308584,0,17,45
"12",-0.643766182124377,2,11,13
"13",-0.643338755146759,0,12,29
"36",0.643075292805136,5,35,8
"29",0.642568601346134,3,28,7
"49",0.642541305718223,1,48,19
"13",-0.642459574968495,2,12,15
"28",-0.64245515679924,1,27,16
"35",-0.642206039980804,3,34,39
"7",-0.641996587734322,0,6,20
"28",-0.64199502749121,3,27,15
"16",0.641985164078989,1,15,40
"24",0.641844334361596,4,23,38
"33",0.641807892959001,0,32,29
"37",-0.641560469600794,3,36,13
"4",-0.641134789561883,2,3,25
"23",-0.640883549265254,1,22,4
"3",-0.640839329159607,2,2,1
"29",0.640769299477639,5,28,8
"23",0.640655343170306,0,22,19
"20",0.640655343170306,0,19,22
"16",-0.63999024161396,2,15,23
"28",-0.639707416585415,1,27,29
"16",-0.63948713091155,2,15,11
"37",-0.63927664714617,0,36,29
"30",-0.63927664714617,0,29,36
"32",0.639162209646764,4,31,41
"24",0.639158556995842,4,23,13
"29",-0.638881723551846,0,28,1
"2",-0.638881723551846,0,1,28
"12",-0.638725701064882,1,11,1
"19",0.638645572702922,5,18,38
"4",0.638500454363049,4,3,41
"14",-0.638496023447287,0,13,26
"23",0.63846705793343,5,22,24
"41",-0.638098126512794,2,40,47
"31",0.638092029473344,2,30,20
"32",-0.637884247496551,5,31,23
"45",0.637691918431275,4,44,4
"38",-0.637641359389918,1,37,35
"32",-0.637496750909048,2,31,17
"47",-0.637099021861831,1,46,16
"4",-0.636705923192368,2,3,26
"42",0.636281607783926,3,41,15
"41",-0.636195602325374,0,40,18
"19",-0.636195602325374,0,18,40
"27",-0.63617509425827,0,26,37
"5",-0.636104000056733,2,4,28
"16",-0.63596414848777,2,15,25
"16",-0.635805050662135,1,15,46
"42",-0.635567883460463,0,41,44
"14",-0.635361685757154,0,13,6
"22",0.635183330876343,0,21,48
"40",0.635073347678245,0,39,34
"12",-0.635064327105159,0,11,29
"2",-0.634889709682537,3,1,24
"5",-0.634743530732346,2,4,6
"5",0.634507611975712,4,4,40
"33",0.633451697288302,3,32,40
"29",-0.633013173736176,2,28,3
"12",-0.632917436515155,2,11,3
"42",0.632862232854889,0,41,29
"30",0.632862232854889,0,29,41
"42",-0.632442320195837,3,41,2
"46",-0.632187653017908,2,45,18
"47",-0.632097328259104,0,46,29
"29",0.632064429484784,2,28,4
"6",-0.631854923596191,1,5,37
"21",0.63184170135941,4,20,22
"5",0.631815578242994,2,4,1
"3",-0.631357256900238,4,2,3
"24",0.631328166301385,0,23,32
"35",-0.630904771961257,3,34,43
"21",0.630199867189174,0,20,1
"32",-0.629977453224679,0,31,19
"20",-0.629977453224679,0,19,31
"36",0.629964832912649,2,35,36
"21",0.629948557032563,0,20,13
"48",-0.629666338455621,4,47,6
"45",0.629620222824914,0,44,25
"42",-0.629592109896104,0,41,36
"37",-0.629592109896104,0,36,41
"37",-0.629449707295801,1,36,37
"14",-0.629397692082424,2,13,25
"42",-0.629257977451331,0,41,19
"20",-0.629257977451331,0,19,41
"9",-0.629073171148008,2,8,26
"40",0.629026346648228,3,39,29
"11",-0.629001287121227,0,10,45
"32",0.628571259640547,4,31,27
"9",-0.628510769436969,4,8,33
"7",-0.628335168128225,5,6,19
"40",0.62807183479674,4,39,3
"34",0.628071548213877,3,33,34
"30",-0.627204681483531,5,29,8
"9",0.627016974006318,2,8,45
"41",-0.626171131954306,2,40,4
"10",-0.626031817406859,0,9,37
"5",-0.625763769501246,4,4,43
"9",-0.625392896469372,2,8,35
"18",-0.625198370507062,0,17,41
"20",-0.625048494521277,4,19,13
"30",-0.624999361427767,4,29,33
"49",0.624776814687717,5,48,23
"48",-0.624485512947796,5,47,28
"10",0.624458128913026,5,9,16
"21",0.624159571115449,5,20,19
"18",0.623948752154664,4,17,24
"30",-0.623786144352397,0,29,6
"7",-0.623786144352397,0,6,29
"19",0.623709826558474,4,18,37
"36",0.623564114773796,1,35,44
"47",-0.623489777891987,3,46,19
"24",-0.623381820155893,5,23,17
"36",0.623271025336519,1,35,21
"7",0.623130021325283,2,6,24
"42",0.622942498467789,3,41,1
"2",-0.622570447974473,2,1,2
"38",0.622467118467918,4,37,48
"27",-0.622401224217122,0,26,29
"41",-0.622180409869996,4,40,13
"21",-0.621931791969769,1,20,28
"46",-0.621727228102546,3,45,47
"7",-0.621469954803738,4,6,44
"30",-0.621381324791772,1,29,21
"23",-0.62115711614105,3,22,1
"32",-0.621103754857413,5,31,47
"25",-0.621078236955034,2,24,44
"42",-0.620996279830264,1,41,48
"24",0.620687397048262,0,23,4
"29",0.620467348461926,2,28,17
"40",0.620295913382282,3,39,31
"23",-0.619736638588445,1,22,16
"28",-0.619647985763946,1,27,41
"42",-0.619543517387465,0,41,27
"42",0.619343776168361,0,41,34
"35",0.619343776168361,0,34,41
"44",0.619298867211078,3,43,38
"49",0.618986655645328,0,48,25
"26",0.618986655645328,0,25,48
"32",0.618669613304428,0,31,1
"23",0.61856703569245,5,22,8
"3",-0.617763166615511,2,2,13
"22",-0.617535749581437,3,21,15
"19",0.617248115016868,1,18,35
"48",-0.616817455035798,4,47,17
"30",-0.61651151413016,1,29,44
"9",0.616093951208972,1,8,20
"32",0.615870443235958,0,31,3
"19",0.615674657551057,5,18,1
"39",-0.615660983371877,3,38,17
"7",0.615270744771377,4,6,5
"30",0.615253202033986,4,29,22
"17",-0.614978988714534,2,16,39
"47",0.614468117552744,0,46,48
"29",-0.614447390506616,2,28,15
"13",-0.614347575709228,1,12,41
"21",-0.614250847437738,0,20,2
"5",0.614207114411905,1,4,20
"38",-0.614136927159256,3,37,12
"2",-0.614111066412625,4,1,33
"21",-0.613481297066234,5,20,4
"9",-0.613245315132,2,8,21
"24",0.613192099044304,1,23,37
"2",0.613000541947804,4,1,41
"5",-0.612866017404997,0,4,21
"31",-0.61269143240688,0,30,6
"48",-0.612004117105884,1,47,27
"38",-0.611719134263847,0,37,25
"48",-0.611626898421174,4,47,25
"37",-0.611527021712911,3,36,15
"27",-0.61123333450875,0,26,41
"4",-0.609280293040726,0,3,6
"5",-0.608594040728445,2,4,2
"38",-0.608417712385082,3,37,39
"32",0.608339371721435,2,31,32
"49",-0.608253201148243,5,48,30
"48",-0.607656936441653,4,47,22
"3",-0.607508168920358,1,2,16
"14",-0.607306073873124,5,13,38
"38",0.607107466089268,2,37,45
"23",-0.606760724811244,1,22,34
"29",0.606689326025692,4,28,42
"44",0.605989384373954,3,43,47
"34",0.605886645485216,2,33,32
"29",0.605010739524212,2,28,10
"31",-0.604978162811364,0,30,12
"29",0.604689286896347,2,28,26
"10",-0.604134145487474,0,9,45
"23",-0.603855030259398,1,22,37
"12",-0.601775587517737,2,11,37
"47",-0.601558575350312,1,46,37
"30",-0.601452212342548,2,29,2
"9",-0.601446599786406,0,8,28
"35",-0.601018348259528,1,34,22
"49",0.600647290698724,5,48,43
"36",-0.600618548842032,0,35,37
"42",-0.599946817364066,0,41,35
"36",-0.599946817364066,0,35,41
"8",-0.59954939665242,0,7,41
"17",-0.598848453750643,2,16,25
"45",-0.598014407397121,5,44,19
"7",-0.597794090046265,0,6,34
"4",-0.597575672642037,0,3,5
"15",-0.597564568967435,0,14,45
"16",-0.596965986817956,3,15,18
"29",0.596880339005315,3,28,12
"23",-0.596804741003217,1,22,20
"39",-0.596430128728073,3,38,25
"16",-0.596285865308268,5,15,38
"48",0.595796868762017,2,47,38
"42",-0.595616874265441,0,41,22
"23",-0.595616874265441,0,22,41
"2",-0.595607447468622,1,1,21
"31",-0.595115362355199,5,30,40
"40",-0.594800242437542,5,39,46
"12",-0.594431159364549,1,11,34
"6",0.594007389088231,0,5,40
"41",-0.593988855663763,4,40,45
"35",-0.593910516291855,4,34,12
"31",0.593826899857127,4,30,48
"17",0.593789906603927,4,16,48
"27",-0.59369305971649,1,26,16
"4",0.59334864555937,4,3,21
"16",0.593142882161675,5,15,28
"5",0.592587975994154,1,4,37
"3",-0.59247919959907,0,2,29
"39",-0.592414257989575,4,38,4
"31",-0.591578258689475,1,30,21
"38",-0.589568070234907,1,37,33
"19",0.589546243644957,4,18,16
"41",0.589515850837598,0,40,26
"27",0.589515850837598,0,26,40
"49",-0.589500335635863,2,48,38
"42",-0.588971257583799,3,41,33
"35",-0.588765672170082,3,34,18
"17",0.588441759458454,2,16,45
"14",-0.588372622851987,0,13,5
"14",-0.588332785795641,3,13,24
"23",-0.588280643864757,3,22,15
"48",0.588147313137606,1,47,32
"4",0.588129266504645,1,3,40
"27",-0.587147842779222,1,26,45
"48",-0.587085458030927,5,47,46
"17",-0.586703692347475,5,16,38
"5",0.586447716719166,4,4,19
"21",0.58515913453069,4,20,27
"2",0.585153587615622,1,1,40
"36",-0.584515133298528,1,35,45
"7",0.584203646265516,5,6,31
"45",0.584134203315949,1,44,27
"34",0.583948367789692,3,33,8
"17",-0.583536245198604,1,16,27
"29",0.583301734629593,3,28,9
"21",-0.582611330189373,4,20,39
"49",-0.58242589585967,2,48,1
"48",0.582124117167347,2,47,37
"45",0.581796298941299,2,44,2
"45",-0.581433512605887,1,44,29
"7",0.581377573397024,0,6,22
"11",-0.580829223287258,0,10,41
"12",-0.580701121097305,2,11,15
"24",-0.58007591458732,5,23,28
"39",-0.579931178820919,2,38,21
"15",0.579286565769541,0,14,48
"34",-0.578773625964994,0,33,16
"17",-0.578773625964994,0,16,33
"28",-0.577187725027276,1,27,31
"11",0.576899112909087,5,10,16
"9",-0.576670443368329,0,8,36
"21",-0.575582568589146,1,20,35
"19",0.575125593598768,3,18,34
"34",0.574679567493406,4,33,14
"3",-0.574400750258995,1,2,41
"31",0.574054708065331,5,30,34
"39",0.573835766898115,1,38,16
"31",-0.573688892387026,2,30,24
"43",-0.573631750443305,1,42,34
"29",-0.573566602621829,4,28,44
"30",-0.573410440937417,2,29,28
"2",-0.573253918614009,0,1,36
"49",-0.571803111465551,0,48,8
"9",-0.571803111465551,0,8,48
"48",-0.571495111341374,4,47,18
"16",-0.571433972654487,4,15,26
"41",0.571272976633729,0,40,22
"23",0.571272976633729,0,22,40
"27",-0.571262013943894,1,26,34
"46",-0.570935507870989,4,45,23
"35",0.570894588553458,0,34,20
"21",0.570894588553458,0,20,34
"46",-0.570821633984433,1,45,5
"29",0.570808175354708,4,28,11
"41",0.570695467321457,5,40,23
"25",-0.570598451960282,4,24,42
"9",-0.569345718589543,0,8,22
"9",0.569144111460242,1,8,29
"11",-0.568704303482654,0,10,37
"25",0.568365835386894,1,24,29
"7",-0.568257043184587,0,6,4
"48",-0.568111123136673,4,47,21
"5",0.568020144593696,1,4,41
"29",-0.567919655002936,2,28,13
"39",0.567725937034436,1,38,1
"25",-0.567586426236209,1,24,27
"3",-0.567293114128143,4,2,15
"9",0.56694310822783,0,8,41
"4",-0.566898523828546,3,3,24
"40",0.566689051057805,1,39,47
"41",0.566552229669732,5,40,10
"40",0.566374818136202,4,39,15
"32",-0.566107755998185,3,31,35
"38",-0.565610306300773,4,37,4
"39",-0.565544974633176,1,38,42
"40",-0.565250594117551,4,39,6
"18",0.564903885129066,3,17,38
"19",-0.564848051772789,3,18,44
"12",-0.564648642425881,0,11,41
"36",-0.56337013595592,5,35,19
"47",-0.563179646644178,1,46,34
"46",0.562900937327974,1,45,40
"19",0.562677398307155,5,18,45
"38",0.561657311829861,0,37,31
"32",0.561657311829861,0,31,37
"45",-0.56144915933838,3,44,40
"33",-0.560768659269507,5,32,39
"46",-0.560578527981998,0,45,12
"13",-0.560578527981998,0,12,45
"42",-0.560414747241242,0,41,21
"14",0.559506856380528,4,13,21
"29",-0.558497965983988,0,28,34
"34",0.558233276693175,2,33,43
"34",-0.557062099249878,2,33,30
"32",0.556665755696194,4,31,22
"21",-0.55637722099924,3,20,24
"12",-0.556270918091657,1,11,16
"34",-0.556256284999416,0,33,37
"5",0.556025115089925,4,4,45
"39",-0.555977303638861,3,38,9
"29",0.555226198163504,5,28,31
"24",-0.554681780097268,4,23,22
"46",-0.554463481966134,2,45,2
"49",-0.554127898071449,3,48,13
"29",0.553781324184366,5,28,45
"42",0.553494441465411,0,41,24
"25",0.553494441465411,0,24,41
"40",0.553128532035411,0,39,32
"35",-0.553121841282787,2,34,26
"9",-0.552950029781155,4,8,39
"20",-0.552747900566664,2,19,29
"17",-0.552370580083666,5,16,31
"38",-0.552178715649582,5,37,38
"49",-0.552110203282394,3,48,3
"38",-0.552101231032747,3,37,21
"40",-0.551110558472154,3,39,36
"7",-0.55012666679111,5,6,27
"20",-0.550067617536399,0,19,20
"29",-0.550057246647453,0,28,20
"11",0.549977651727702,0,10,40
"31",-0.549374670924331,2,30,2
"16",-0.548419391095006,3,15,24
"39",-0.547629181463669,1,38,5
"31",-0.547606330346127,0,30,35
"14",-0.547365313714423,0,13,28
"21",0.546995305389748,2,20,48
"9",-0.546603341132948,0,8,25
"23",-0.5462416654146,1,22,29
"4",-0.54588078362188,0,3,12
"43",0.545841194655719,0,42,48
"15",-0.545437984616951,1,14,34
"18",0.54509444000627,0,17,48
"30",-0.54485439942783,0,29,35
"14",-0.544307656747609,0,13,12
"49",0.544031714754326,0,48,40
"41",0.544031714754326,0,40,48
"30",-0.543829456546751,4,29,24
"42",0.543457156493308,0,41,4
"39",-0.542809007183199,1,38,7
"12",-0.542795823651848,0,11,45
"48",-0.540840685900328,2,47,48
"40",0.540678151071661,0,39,8
"16",-0.540660409428213,0,15,6
"46",-0.540647997806022,1,45,21
"39",-0.540583691266757,1,38,14
"25",0.539863602068927,4,24,31
"40",-0.539276257335853,2,39,44
"25",0.539267541116339,1,24,20
"49",-0.539090415998999,2,48,16
"41",0.538859646158693,2,40,46
"24",-0.538775283670451,1,23,27
"29",-0.538616010621349,5,28,19
"14",-0.538279368793538,0,13,35
"40",0.537757898464173,3,39,37
"6",-0.537510670706425,0,5,45
"46",-0.535954107254028,4,45,33
"48",0.535563464865269,5,47,36
"4",-0.535309998095182,0,3,35
"17",-0.53513017510186,2,16,2
"20",0.533585410276134,0,19,48
"39",-0.533436852866439,3,38,26
"30",0.532333873571913,1,29,34
"39",-0.531408886696189,4,38,29
"24",-0.530979801391651,4,23,21
"31",-0.528128283301352,3,30,33
"11",0.52760574517688,3,10,38
"39",-0.527512924959956,1,38,27
"39",-0.526228371410667,1,38,12
"34",-0.525951490141153,4,33,44
"25",-0.525636121143564,4,24,9
"33",0.525438790092422,3,32,45
"32",0.525424560936952,1,31,16
"47",-0.524095178081472,0,46,31
"16",-0.523905481341986,1,15,5
"25",-0.52349828253967,2,24,12
"39",-0.523402356939829,5,38,23
"39",-0.522951528735341,3,38,10
"39",-0.521491293202585,1,38,11
"25",-0.521102621002157,4,24,21
"10",0.520031822025272,3,9,38
"30",-0.519126695706908,4,29,39
"21",-0.518558115899357,5,20,38
"39",-0.517922159701582,5,38,43
"23",-0.517717332159969,2,22,38
"48",0.517542013819287,1,47,39
"14",-0.516641997581039,4,13,33
"38",-0.515747981605425,1,37,27
"25",-0.515714779770373,4,24,14
"31",0.514896413806298,4,30,41
"29",-0.514540923472407,0,28,29
"49",-0.514285941034486,1,48,45
"24",-0.514264940732635,4,23,11
"38",-0.513901816060853,2,37,2
"31",-0.513577973501015,0,30,36
"23",-0.512921195035705,1,22,31
"25",0.512816609149409,4,24,38
"7",0.511944310239444,5,6,45
"5",-0.511747774074861,1,4,22
"38",-0.510798941723874,0,37,36
"19",-0.510197266608838,5,18,17
"36",-0.509875351692962,4,35,20
"8",0.509751028924294,0,7,48
"34",0.509369618066663,5,33,1
"49",-0.507900744767171,3,48,37
"20",-0.507859208512253,1,19,38
"35",0.507852485345586,1,34,29
"44",-0.507778013122394,2,43,48
"19",-0.507116680519147,1,18,19
"9",0.506185339455902,5,8,19
"4",0.505634795529809,5,3,34
"2",-0.50509335708098,3,1,39
"11",-0.504591875316064,1,10,34
"39",-0.50446799683665,0,38,36
"37",-0.50446799683665,0,36,38
"29",0.50405999824111,4,28,5
"39",-0.503279771617704,5,38,24
"40",-0.502998506536432,5,39,2
"39",-0.502464571735046,1,38,6
"39",0.50208650067218,5,38,15
"13",-0.501865173402534,0,12,38
"49",-0.501844363065716,3,48,15
"14",-0.501400182621326,2,13,2
"39",0.500785164430856,1,38,3
"34",0.500434505759098,3,33,26
"17",0.500212985686591,0,16,41
"42",0.499618031147143,3,41,45
"7",-0.499126416925985,2,6,40
"5",0.499101480707078,0,4,31
"39",0.498771669103002,0,38,30
"22",-0.498582425105023,0,21,45
"39",0.497773056424467,1,38,37
"41",-0.497473814336906,0,40,41
"46",-0.497363302703344,2,45,6
"22",-0.496934243891819,0,21,38
"27",0.496554702184754,3,26,38
"36",0.496474370854047,5,35,38
"40",-0.496266993335938,5,39,17
"40",0.495717968161467,4,39,16
"4",-0.495542890735066,2,3,2
"24",0.495283452294216,0,23,41
"41",0.494053955532483,0,40,14
"15",0.494053955532483,0,14,40
"34",0.493961143955385,3,33,12
"19",0.493538727351279,2,18,43
"4",-0.493443540485333,4,3,33
"44",-0.493280491899648,4,43,34
"48",0.493195504672596,1,47,4
"34",-0.493090083044477,1,33,40
"34",0.49273516890128,5,33,45
"35",-0.491734080949058,5,34,38
"29",-0.491546422498922,5,28,27
"24",-0.491438913946327,1,23,19
"7",0.491207267140206,0,6,25
"41",-0.490810022764747,2,40,29
"10",-0.490550815706598,1,9,34
"28",-0.488859332496507,1,27,45
"8",0.487930079077531,3,7,38
"24",-0.4876083184704,5,23,25
"39",0.485082038545161,1,38,13
"42",-0.485050242881636,3,41,39
"39",0.484714932474709,4,38,48
"19",0.484365416756584,3,18,29
"32",-0.48430646371101,4,31,8
"46",-0.48364166087406,4,45,39
"46",-0.483409810494308,2,45,28
"37",-0.481912959008262,1,36,45
"25",-0.481445039094269,1,24,19
"49",-0.481370601354944,1,48,34
"33",-0.480965111056439,1,32,48
"29",-0.480750258417703,2,28,40
"44",0.479871067452736,4,43,24
"14",-0.479545590340771,0,13,36
"19",-0.479065677251361,5,18,22
"41",0.478960807082821,5,40,43
"7",0.478540510759547,3,6,2
"16",-0.478419356560279,0,15,12
"29",0.477927417979157,0,28,22
"3",-0.477681499338247,0,2,45
"25",-0.477112896149686,2,24,35
"47",0.476640645150759,0,46,40
"43",0.476247012332929,0,42,40
"49",-0.476021172371141,0,48,32
"39",-0.47580859922827,3,38,2
"5",-0.475699757236935,0,4,48
"19",-0.475283808166552,0,18,30
"34",0.475272380933234,3,33,7
"24",-0.474244102841251,5,23,18
"39",-0.474231889012152,3,38,33
"17",-0.472638029881661,0,16,21
"10",0.47129964575196,0,9,40
"35",-0.470921447675841,0,34,21
"39",-0.470884343958222,1,38,28
"32",0.470648645729708,1,31,34
"46",-0.470151183544654,3,45,24
"12",0.469860584948868,3,11,38
"40",0.469855733674808,0,39,41
"39",-0.469317820178199,3,38,18
"48",-0.469184353508995,4,47,5
"41",-0.468428754746873,0,40,31
"32",-0.468428754746873,0,31,40
"25",-0.467715444877489,0,24,28
"43",-0.467478575103705,0,42,38
"24",0.466827602834295,5,23,36
"38",-0.466058776165197,1,37,22
"40",0.465078043187828,4,39,30
"20",-0.464451814736807,4,19,45
"36",-0.463732236036872,2,35,40
"46",-0.462627478491355,0,45,36
"25",-0.461682105713193,4,24,7
"48",-0.460221958302988,2,47,41
"34",-0.459784941651695,1,33,3
"39",-0.459467868491158,4,38,31
"17",-0.458941209734213,0,16,36
"4",-0.458836745195081,0,3,36
"34",-0.458580974750667,2,33,15
"34",-0.458515049879948,0,33,13
"14",-0.457982023857536,3,13,39
"24",-0.456905376905397,4,23,5
"35",-0.4543622258914,1,34,36
"42",-0.45409497989799,5,41,38
"25",-0.454004431376093,0,24,22
"19",-0.451556027606996,0,18,3
"39",0.449964481526551,5,38,19
"25",-0.448516011663848,0,24,48
"45",0.448201777330436,5,44,38
"26",-0.447680614275621,1,25,45
"39",-0.446747886579811,4,38,47
"35",0.44671711690673,4,34,19
"24",-0.446007480392473,2,23,48
"16",-0.44596980336211,0,15,35
"39",-0.445658270646204,1,38,35
"39",0.444663837039926,2,38,40
"34",0.444510186419947,1,33,48
"47",-0.444189990244387,0,46,45
"31",-0.443986741237876,3,30,39
"32",0.443623391360423,0,31,38
"30",0.443278632554368,3,29,40
"49",-0.443182538973429,3,48,20
"34",-0.442727965613186,0,33,41
"39",0.442366838837281,4,38,41
"3",-0.441782496588168,0,2,38
"17",-0.441549540717195,0,16,22
"6",-0.441413278049013,0,5,38
"16",-0.441232855454695,4,15,33
"18",-0.440933770280715,2,17,40
"25",-0.438950187149008,1,24,36
"48",-0.437842672420161,4,47,11
"2",0.437483304452477,0,1,34
"25",-0.436960474007641,3,24,18
"25",-0.436926251412559,4,24,10
"34",-0.436760724176278,4,33,20
"39",-0.436691264014588,5,38,32
"32",-0.436578555489215,5,31,24
"39",0.434066611462982,5,38,20
"49",-0.433256180633477,3,48,29
"45",-0.432926046135969,0,44,31
"19",0.431913953833598,5,18,13
"40",-0.431337142229981,1,39,27
"40",0.431185608989721,0,39,20
"39",-0.431118037546529,5,38,8
"19",-0.430862356825328,5,18,25
"19",-0.429051706784358,5,18,2
"16",-0.428570191334572,2,15,2
"16",0.428218244625791,4,15,34
"19",0.42728977095887,3,18,31
"35",-0.42698271930377,1,34,25
"19",-0.425977094312672,3,18,27
"7",0.425385602194733,0,6,36
"48",-0.424607240369133,0,47,19
"33",0.423718194458355,0,32,31
"40",-0.421861354669469,4,39,11
"46",0.420765849406038,5,45,34
"40",-0.420092370630952,1,39,19
"34",-0.420034647811158,4,33,19
"48",-0.419850031910134,3,47,20
"23",-0.417676968547992,1,22,45
"34",0.416794917449006,3,33,17
"39",-0.41650207246894,0,38,22
"8",-0.41633795949809,2,7,40
"9",0.414624239384381,1,8,31
"25",-0.414607417860345,2,24,26
"34",0.412850078560607,5,33,46
"19",-0.412613322217567,3,18,48
"21",0.41227179794926,3,20,40
"45",-0.411808809038433,5,44,48
"34",-0.409865372884615,5,33,27
"34",0.409720136806639,3,33,10
"19",-0.408939770526952,0,18,15
"19",-0.408827356387904,5,18,21
"4",-0.408741662278806,2,3,39
"8",-0.408375309078105,1,7,34
"47",-0.406775638158901,0,46,38
"42",0.405294816169012,0,41,31
"39",-0.405181428699429,3,38,39
"16",-0.404756228685552,0,15,36
"15",0.401593895896474,5,14,38
"45",-0.400202128574239,0,44,45
"28",-0.400012490504046,0,27,38
"40",-0.396308599687847,4,39,35
"5",0.395636726915308,4,4,38
"34",-0.394453477545084,5,33,22
"25",-0.393165679799647,4,24,33
"29",0.392614418064475,1,28,48
"30",-0.392210791717167,5,29,38
"14",-0.391833421920765,3,13,34
"34",0.391782456411579,3,33,9
"49",-0.390864270011096,3,48,41
"19",0.389188559692993,3,18,26
"19",0.388528546224545,4,18,14
"16",-0.386475502714838,3,15,39
"19",-0.385971245238524,4,18,20
"48",-0.384895434898342,3,47,12
"18",-0.384756813645727,4,17,34
"26",-0.383632531233398,1,25,38
"21",0.382698791410788,0,20,45
"25",-0.382651498835318,5,24,43
"25",-0.382199927093066,0,24,25
"40",-0.380940735494294,5,39,28
"19",-0.38031132183669,4,18,12
"24",-0.379883050627142,3,23,12
"7",0.379275141894606,0,6,21
"7",0.37635616572187,1,6,48
"24",-0.373685646564446,2,23,20
"41",-0.37299845271221,0,40,20
"35",0.372481001239485,5,34,48
"46",-0.372105551709352,2,45,35
"36",-0.37035034867357,1,35,34
"24",-0.369112066904532,4,23,42
"33",-0.369108246712488,5,32,38
"34",0.364856910502333,5,33,31
"40",-0.363603073027046,1,39,48
"40",-0.361916379114499,4,39,12
"9",0.361475643959877,2,8,38
"40",-0.359356920507469,4,39,42
"40",-0.357657132873558,5,39,5
"34",0.355757891616358,4,33,42
"29",0.354490639479151,3,28,2
"29",0.350406480339727,0,28,25
"35",0.345533143754337,3,34,31
"44",0.34221218957793,0,43,40
"34",-0.341601797754493,0,33,29
"48",0.341586933785808,1,47,43
"40",-0.334916584043091,2,39,26
"24",-0.334085467195608,5,23,9
"48",-0.326898445396709,4,47,14
"19",-0.325866398079112,5,18,5
"19",-0.318144931112553,1,18,36
"48",-0.313898216435175,1,47,35
"40",-0.312638796781443,5,39,25
"48",-0.3122232008124,4,47,42
"40",-0.311601113418992,5,39,9
"48",-0.310188668432178,4,47,9
"40",-0.308437480528118,5,39,22
"24",-0.307652067768409,2,23,35
"40",-0.302233150440481,5,39,14
"40",-0.300369663919928,5,39,21
"40",-0.294715819589948,5,39,18
"19",0.290250403748713,3,18,7
"34",0.284692392294193,4,33,5
"24",-0.284258640948146,5,23,14
"34",-0.277410012521772,5,33,25
"34",0.274938436175101,3,33,11
"29",0.274842976098528,0,28,36
"24",0.27420148983266,1,23,43
"34",-0.25474677387222,5,33,21
"19",0.252349112406852,1,18,10
"40",-0.246952626595068,4,39,33
"40",-0.246297049430182,4,39,7
"24",-0.245966135163478,4,23,7
"24",-0.24256524414401,2,23,26
"40",-0.23805816944292,3,39,10
"29",-0.235907628251703,5,28,21
"24",-0.235580758524539,3,23,33
"39",0.230236772281702,1,38,34
"24",-0.22358384543215,3,23,10
"19",0.220579274946547,1,18,9
"40",-0.219849960576243,5,39,43
"48",-0.216433759385678,0,47,33
"48",-0.209089359522129,4,47,7
"19",-0.204550563612809,0,18,41
"19",0.201166060676141,0,18,46
