,SRR7624365,SRR7624366,SRR7624367,SRR7624368,SRR7624369,SRR7624370,SRR7624371,SRR7624372,SRR7624373,SRR7624374,SRR7624375,SRR7624376,SRR7624377,SRR7624378,SRR7624379,SRR7624380
ENSMUSG00000102693,2,0,0,0,0,0,0,0,0,0,0,0,0,0,0,0
ENSMUSG00000064842,0,0,0,0,0,0,0,0,0,0,0,0,0,0,0,0
ENSMUSG00000051951,6,4,10,4,15,7,2,0,13,14,47,37,102,104,508,453
ENSMUSG00000102851,0,0,0,0,0,0,0,0,0,0,0,1,0,0,2,2
ENSMUSG00000103377,0,0,0,2,2,0,2,0,0,0,8,6,6,12,28,36
ENSMUSG00000104017,0,0,0,0,0,0,0,2,0,2,0,2,0,2,4,11
ENSMUSG00000103025,0,0,2,0,0,0,0,0,0,0,0,3,0,3,14,13
ENSMUSG00000089699,0,0,0,0,0,0,0,0,0,0,0,0,0,0,0,0
ENSMUSG00000103201,0,0,0,0,0,0,0,0,0,0,1,2,0,8,32,20
ENSMUSG00000103147,0,0,1,0,0,2,0,0,0,2,3,0,0,2,10,11
ENSMUSG00000103161,0,0,2,2,0,0,0,0,0,0,6,12,0,2,50,27
ENSMUSG00000102331,0,0,4,5,0,0,0,0,2,0,18,32,8,28,120,84
ENSMUSG00000102348,0,0,0,0,0,0,0,0,0,0,0,0,0,0,0,0
ENSMUSG00000102592,0,0,0,0,0,0,0,0,0,0,0,0,0,0,0,0
ENSMUSG00000088333,0,0,0,0,0,0,0,0,0,0,0,0,0,0,0,0
ENSMUSG00000102343,7,17,14,9,30,31,12,6,14,11,4,2,6,0,3,2
ENSMUSG00000025900,0,0,0,5,5,0,0,2,2,2,0,1,6,2,4,3
ENSMUSG00000102948,0,0,0,0,0,0,0,0,0,2,0,0,0,0,0,0
ENSMUSG00000104123,0,0,0,0,0,0,0,0,0,0,0,0,1,0,0,0
ENSMUSG00000025902,76,56,75,87,30,52,14,26,20,16,8,16,10,30,10,12
ENSMUSG00000104238,0,0,0,0,0,0,0,1,0,0,0,2,0,0,0,0
ENSMUSG00000102269,6,30,4,16,10,4,2,8,0,6,0,0,2,6,0,2
ENSMUSG00000096126,4,2,0,0,0,0,2,0,2,0,2,0,0,2,2,0
ENSMUSG00000103003,0,0,0,0,0,0,0,0,0,0,0,0,0,0,0,0
ENSMUSG00000104328,0,0,0,0,1,0,0,0,0,0,0,0,0,0,2,0
ENSMUSG00000102735,0,0,2,0,0,0,0,0,0,0,0,0,0,0,0,0
ENSMUSG00000098104,58,50,32,40,38,54,44,42,70,40,34,26,54,62,48,59
ENSMUSG00000102175,1,8,6,0,0,2,0,4,2,6,0,0,0,2,0,0
ENSMUSG00000088000,0,0,1,0,0,0,0,0,0,0,0,0,0,0,1,0
ENSMUSG00000103265,3,12,4,1,1,0,0,4,0,0,0,2,0,0,4,0
ENSMUSG00000103922,308,255,241,304,355,354,300,347,324,281,255,192,230,173,171,167
ENSMUSG00000033845,14433,9907,8374,10134,13018,13619,14684,14531,18315,15019,14997,11352,17987,12704,11179,10014
ENSMUSG00000102275,99,82,90,95,130,133,124,106,87,157,120,115,71,99,63,93
ENSMUSG00000025903,5241,3410,3409,4916,4707,5257,4741,5018,6016,5086,3811,2708,3276,2329,3276,1804
ENSMUSG00000104217,0,0,0,0,0,0,0,0,0,0,0,0,0,0,0,0
ENSMUSG00000033813,7305,5093,5083,6137,6828,8448,6284,6675,9142,6898,6619,5032,5513,5678,5674,4689
ENSMUSG00000062588,6,1,25,18,19,20,11,18,5,27,11,8,10,12,17,12
ENSMUSG00000103280,12,43,12,14,17,16,11,29,14,33,20,9,4,15,12,6
ENSMUSG00000002459,19,22,10,16,20,59,35,38,127,111,60,102,45,53,140,45
ENSMUSG00000091305,0,0,0,0,0,0,2,0,0,0,0,0,0,0,0,0
ENSMUSG00000102653,0,4,0,0,0,0,4,0,2,6,0,2,0,0,0,0
ENSMUSG00000085623,0,3,8,14,60,93,100,85,91,65,59,35,7,4,25,20
ENSMUSG00000091665,0,0,0,0,0,0,5,2,2,6,0,1,0,2,0,0
ENSMUSG00000033793,10662,7650,7987,8882,7316,8835,5874,6070,8922,7736,7646,5929,5462,5361,5338,3902
ENSMUSG00000104352,0,0,0,0,0,0,0,0,0,2,2,0,0,0,0,0
ENSMUSG00000104046,4,19,4,10,10,6,6,6,6,8,6,4,1,1,0,0
ENSMUSG00000102907,0,0,0,0,0,0,2,4,1,0,2,0,0,0,0,0
ENSMUSG00000025905,9,6,10,4,18,16,15,14,12,48,18,20,70,56,110,102
ENSMUSG00000103936,0,0,0,0,0,0,0,0,0,0,0,0,2,0,0,0
ENSMUSG00000093015,0,0,0,0,0,0,0,0,0,0,0,0,0,0,0,0
ENSMUSG00000103519,0,0,0,0,2,0,0,0,0,0,0,0,0,0,0,0
ENSMUSG00000033774,0,0,8,6,4,2,2,0,0,0,0,0,4,0,0,0
ENSMUSG00000103090,0,0,0,0,2,0,0,0,0,0,0,0,0,1,0,0
ENSMUSG00000025907,5258,4788,6492,6461,6910,7886,4949,4797,4943,5730,4858,3615,3604,3535,5693,4306
ENSMUSG00000090031,96,66,153,177,140,134,80,111,93,129,71,74,43,103,213,175
ENSMUSG00000087247,0,0,2,8,0,2,0,6,0,0,0,0,2,2,6,2
ENSMUSG00000103355,0,0,1,4,0,2,0,0,0,0,0,0,0,0,0,0
ENSMUSG00000102706,0,0,0,0,0,0,0,0,0,0,0,0,0,0,0,0
ENSMUSG00000103845,12,30,90,70,59,44,44,32,14,14,12,4,0,0,4,14
ENSMUSG00000033740,14,6,10,6,2,4,9,11,9,10,5,2,2,4,2,2
ENSMUSG00000103329,6,0,0,0,0,0,0,0,0,0,0,0,0,0,0,2
ENSMUSG00000104385,4,0,2,0,0,0,0,0,4,4,4,6,0,5,0,0
ENSMUSG00000102135,22,19,16,17,19,12,20,18,14,22,31,14,23,14,16,20
ENSMUSG00000103282,0,0,0,0,0,0,0,0,0,0,0,0,2,0,0,0
ENSMUSG00000102534,0,0,0,0,1,2,0,0,5,0,1,0,2,1,0,0
ENSMUSG00000102213,0,0,1,0,6,1,6,4,2,0,0,0,0,0,0,0
ENSMUSG00000103629,0,6,0,0,2,4,9,2,0,6,2,3,3,0,0,0
ENSMUSG00000051285,8294,9609,7881,6740,6018,6021,6616,6296,4529,7819,4562,3695,4644,6450,8028,6936
ENSMUSG00000098201,20,25,45,14,33,25,19,31,14,38,3,24,16,24,10,19
ENSMUSG00000103509,661,1820,932,729,1469,1422,1045,976,349,1211,492,601,257,961,1172,1123
ENSMUSG00000048538,8,39,9,3,7,4,2,4,2,2,5,7,4,8,9,0
ENSMUSG00000103709,0,0,0,0,1,0,0,0,0,0,0,0,2,0,0,0
ENSMUSG00000077244,0,0,0,0,0,0,0,0,0,0,0,0,0,0,0,0
ENSMUSG00000102768,0,0,0,0,0,0,0,0,0,0,6,0,0,1,0,0
ENSMUSG00000097797,101,139,98,165,120,160,92,99,79,94,112,122,97,83,73,63
ENSMUSG00000103498,0,0,0,1,0,0,0,0,0,0,0,0,0,0,0,0
ENSMUSG00000103067,62,186,234,131,309,353,111,114,26,35,0,6,5,0,4,0
ENSMUSG00000102320,0,14,0,0,0,0,9,4,0,0,0,0,0,0,0,0
ENSMUSG00000104226,8,54,12,14,5,8,8,11,0,0,1,0,0,4,0,0
ENSMUSG00000103903,5,0,2,0,0,0,2,0,0,0,0,1,0,2,0,1
ENSMUSG00000103557,0,0,2,0,0,0,2,0,6,0,0,0,0,2,0,0
ENSMUSG00000025909,64,115,124,138,195,168,183,162,93,222,69,87,8,32,19,26
ENSMUSG00000102647,0,0,0,0,1,0,0,2,0,0,2,0,0,0,0,4
ENSMUSG00000086235,2,0,1,0,0,1,2,0,0,0,3,0,4,0,0,0
ENSMUSG00000102253,2,0,0,0,4,10,2,4,0,0,2,0,0,0,0,0
ENSMUSG00000093970,0,0,0,0,0,0,0,0,0,0,0,0,0,0,0,0
ENSMUSG00000103884,0,0,0,0,0,0,0,0,0,0,0,0,0,0,0,0
ENSMUSG00000084353,14,6,7,23,4,20,13,12,36,16,23,14,10,8,9,13
ENSMUSG00000103933,12,1,3,1,0,6,2,1,8,1,4,5,9,4,4,4
ENSMUSG00000076135,3,0,0,0,0,0,0,0,1,1,2,1,1,2,1,0
ENSMUSG00000086195,0,0,0,0,0,0,0,0,0,2,0,0,0,0,0,0
ENSMUSG00000104504,0,0,0,0,0,0,0,0,0,0,0,0,0,0,2,0
ENSMUSG00000066693,1,0,0,0,0,0,0,1,1,0,0,2,0,0,1,0
ENSMUSG00000102316,0,0,0,0,0,0,0,0,0,0,0,0,0,0,3,0
ENSMUSG00000103819,0,2,0,0,0,0,0,0,0,0,0,0,0,0,0,0
ENSMUSG00000102871,0,0,2,0,2,4,0,0,0,0,0,0,0,0,0,0
ENSMUSG00000101571,0,0,0,0,0,0,0,2,6,2,4,0,0,2,0,0
ENSMUSG00000104428,0,0,0,0,0,0,0,0,0,0,0,0,0,0,0,0
ENSMUSG00000102272,0,0,0,0,0,0,0,0,3,0,0,0,0,0,0,0
ENSMUSG00000065625,0,0,0,0,0,0,0,0,0,0,0,0,0,0,0,0
ENSMUSG00000103411,0,0,0,0,0,0,0,0,0,2,0,0,0,3,0,0
ENSMUSG00000061024,7283,4660,6462,5866,6448,6916,5878,4912,6590,4822,6374,3912,7057,4567,4464,3706
ENSMUSG00000025911,740,447,323,220,221,272,192,190,103,234,70,62,51,167,166,199
ENSMUSG00000079671,11,46,8,10,10,10,16,14,14,15,13,32,3,12,7,3
ENSMUSG00000081441,0,4,0,0,0,0,1,0,0,0,2,0,0,1,0,0
ENSMUSG00000067879,0,7,2,6,6,8,0,4,2,7,10,7,0,10,0,2
ENSMUSG00000099827,0,0,4,0,0,0,0,0,4,4,1,2,1,0,0,0
ENSMUSG00000025912,2708,3169,2886,2967,2811,2747,2760,2426,1681,2725,1310,1053,967,1310,1676,1305
ENSMUSG00000045210,6551,4884,5622,6031,5395,5665,4025,3898,3653,4245,3498,3225,3200,3051,3915,2993
ENSMUSG00000097893,17,14,23,19,9,21,26,17,22,16,14,5,16,9,15,8
ENSMUSG00000025915,2904,2317,2193,1556,1403,1461,1714,1915,1724,2228,1044,896,780,816,842,579
ENSMUSG00000046334,0,6,6,2,1,7,7,6,5,0,0,1,7,4,2,2
ENSMUSG00000088916,0,2,0,0,0,0,0,0,0,0,0,0,0,0,0,0
ENSMUSG00000046101,242,397,384,447,311,257,353,295,284,395,354,241,172,341,339,327
ENSMUSG00000098234,4025,3537,2913,2565,2590,3188,2290,2327,2154,2466,2191,1934,1585,2049,1934,1968
ENSMUSG00000093178,101,145,106,122,114,106,98,105,127,114,85,92,51,92,90,72
ENSMUSG00000099032,840,405,431,353,368,471,132,244,132,252,100,110,137,139,146,130
ENSMUSG00000104025,0,0,0,2,0,0,0,0,4,0,4,0,0,4,0,4
ENSMUSG00000025916,2,4,6,7,1,0,2,0,6,2,5,6,3,3,2,3
ENSMUSG00000087199,0,0,0,0,0,2,0,0,0,0,4,0,0,0,0,0
ENSMUSG00000095780,0,0,0,0,0,0,0,0,0,0,0,0,0,0,0,0
ENSMUSG00000025917,9951,7140,6777,8264,8409,10093,7221,7088,8995,6632,7892,6332,9852,5953,7354,5726
ENSMUSG00000056763,5034,6830,5280,5437,4038,4431,3788,3410,2673,4250,3508,2925,2869,3908,4284,3803
ENSMUSG00000102356,10,13,4,14,9,6,5,1,6,4,6,15,2,2,8,4
ENSMUSG00000067851,9927,7215,5351,5932,8813,10070,6258,5831,6940,7821,4250,4715,5061,5140,9352,6558
ENSMUSG00000088153,3,10,7,8,12,5,9,9,4,10,7,4,1,6,5,11
ENSMUSG00000102556,27,76,54,85,49,30,40,35,18,23,16,14,13,15,34,61
ENSMUSG00000042501,4,8,3,2,3,2,4,0,0,6,1,4,0,7,2,4
ENSMUSG00000103810,15,6,2,8,0,2,0,2,4,4,0,0,2,2,2,1
ENSMUSG00000083422,4,2,6,6,5,6,9,6,7,2,2,6,0,5,0,2
ENSMUSG00000094979,0,0,0,0,0,0,0,0,0,0,0,0,0,0,0,0
ENSMUSG00000081417,0,0,4,8,2,2,0,4,4,0,0,2,0,2,0,0
ENSMUSG00000103448,1,2,0,0,1,0,0,0,0,0,0,0,0,0,1,0
ENSMUSG00000100212,0,0,0,0,13,4,26,10,1,0,4,5,1,0,0,0
ENSMUSG00000100648,2,0,2,8,8,6,0,0,4,0,0,4,11,2,8,2
ENSMUSG00000088585,0,0,0,0,0,0,0,0,0,0,0,0,0,0,0,0
ENSMUSG00000048960,5433,7797,8328,7627,11584,10832,9870,7837,4853,5355,4190,2724,2213,2817,2064,1892
ENSMUSG00000077318,0,6,6,20,2,6,1,7,0,1,3,2,0,7,0,0
ENSMUSG00000101827,5,20,2,7,0,1,6,8,0,1,1,5,2,14,0,2
ENSMUSG00000103494,6,4,0,12,0,1,0,0,0,6,0,0,0,2,2,0
ENSMUSG00000057715,1136,1010,1012,714,529,560,500,454,528,725,426,352,540,828,876,706
ENSMUSG00000103825,51,70,36,43,46,56,35,26,21,58,35,59,18,57,100,55
ENSMUSG00000099845,4,2,0,3,2,1,0,0,0,0,2,2,2,0,2,2
ENSMUSG00000103561,0,40,10,14,2,8,10,14,2,8,15,6,0,4,4,4
ENSMUSG00000101610,0,0,2,4,0,3,0,0,0,0,0,0,0,0,0,0
ENSMUSG00000093864,0,2,0,0,0,0,0,2,0,2,0,0,0,0,0,0
ENSMUSG00000098555,0,0,0,0,0,0,0,0,0,0,0,0,0,0,0,0
ENSMUSG00000097628,21,17,8,5,14,12,14,13,28,19,13,20,17,11,4,21
ENSMUSG00000098163,0,0,0,2,0,2,0,0,6,4,2,3,0,0,0,1
ENSMUSG00000097171,0,6,3,9,0,0,0,0,0,2,1,2,0,1,0,2
ENSMUSG00000101314,0,0,0,1,0,0,0,0,0,0,0,2,0,0,0,0
ENSMUSG00000016918,8256,4390,3247,4570,5748,5627,8375,8531,12802,13047,15557,11802,8794,11716,6524,8590
ENSMUSG00000025938,1026,770,641,558,1651,2539,772,791,627,982,1107,865,881,646,596,587
ENSMUSG00000104518,0,4,10,4,6,1,5,4,1,2,0,1,1,0,0,0
ENSMUSG00000069620,11,13,4,18,15,32,34,18,22,20,7,4,0,2,4,2
ENSMUSG00000099498,25,12,16,4,9,12,19,9,5,10,1,1,0,1,0,0
ENSMUSG00000042414,7339,5762,3312,2931,2843,3206,2052,1997,441,767,41,14,18,6,1,2
ENSMUSG00000005886,7336,5755,4797,4742,8150,8531,5476,4491,4494,5365,3512,3787,4077,3612,5698,4064
ENSMUSG00000103506,35,51,32,36,88,60,50,28,22,56,32,27,18,32,45,57
ENSMUSG00000103495,11,51,25,17,28,22,18,22,4,7,10,9,22,10,46,15
ENSMUSG00000099183,1,2,2,0,1,3,2,0,0,1,0,1,0,1,0,0
ENSMUSG00000102639,2,6,4,4,0,10,3,4,0,0,3,4,0,10,5,2
ENSMUSG00000104170,8,12,12,8,10,12,8,15,2,6,6,6,4,5,14,12
ENSMUSG00000087782,0,0,0,1,1,0,1,0,0,0,0,1,1,2,2,1
ENSMUSG00000103085,41,48,43,62,35,57,35,43,18,65,24,52,20,25,63,52
ENSMUSG00000102664,16,29,46,49,16,25,31,11,6,21,21,25,8,21,52,12
ENSMUSG00000101476,2,1,2,2,0,7,0,3,0,0,0,0,0,1,6,3
ENSMUSG00000101171,0,0,0,0,0,0,0,0,0,0,1,0,0,0,0,0
ENSMUSG00000025935,14232,8106,9162,11149,10485,10902,7655,7708,8424,6560,7324,5394,10941,6407,8918,6651
ENSMUSG00000025937,13794,10223,7255,8304,7171,8556,5782,6035,4843,5288,3170,2477,3245,4241,4431,3097
ENSMUSG00000102982,89,180,143,156,116,125,121,100,48,123,61,78,35,50,38,62
ENSMUSG00000067813,24,36,23,37,8,4,8,8,2,3,0,3,0,0,0,1
ENSMUSG00000077368,0,0,0,0,0,0,0,0,0,0,0,0,0,0,0,0
ENSMUSG00000097711,27,18,8,20,9,22,19,6,24,9,12,7,14,12,18,14
ENSMUSG00000102166,8,6,10,2,16,4,2,0,0,0,0,0,0,1,0,0
ENSMUSG00000089358,0,0,0,0,0,0,0,0,0,0,0,0,0,0,0,2
ENSMUSG00000104209,0,2,4,0,0,0,0,0,0,0,0,0,0,2,2,0
ENSMUSG00000025932,3498,2641,1693,1441,1594,1775,669,800,128,357,28,36,41,68,80,68
ENSMUSG00000095853,3,10,0,2,3,5,0,3,0,0,0,0,0,0,0,0
ENSMUSG00000102588,4,18,3,0,3,4,0,0,2,0,0,0,0,0,0,0
ENSMUSG00000054493,39,57,100,83,111,116,49,41,8,7,2,0,5,2,8,16
ENSMUSG00000025930,628,621,5632,2264,3350,3685,1270,988,86,68,58,18,49,20,10,17
ENSMUSG00000103492,2,23,24,14,6,6,7,10,4,4,4,2,0,0,0,2
ENSMUSG00000081201,2,0,2,2,1,2,0,2,1,1,1,3,2,5,2,1
ENSMUSG00000082193,27,26,16,10,9,21,6,17,9,9,24,18,7,16,24,31
ENSMUSG00000032769,382,280,436,375,657,524,401,299,107,46,78,47,399,56,551,228
ENSMUSG00000088159,0,0,0,0,0,0,0,0,0,0,0,0,0,0,0,0
ENSMUSG00000073737,20,22,2,2,16,10,7,5,11,10,6,9,14,13,6,14
ENSMUSG00000092083,12,8,2,3,0,0,0,0,0,4,2,6,0,6,9,6
ENSMUSG00000102937,0,0,0,0,0,0,0,0,0,0,0,0,0,0,0,0
ENSMUSG00000104149,0,0,0,4,6,0,2,4,0,2,0,0,0,0,0,0
ENSMUSG00000088829,0,0,0,0,0,0,0,0,0,0,0,0,0,0,0,0
ENSMUSG00000077377,0,0,0,0,0,0,0,0,0,0,0,0,0,0,0,0
ENSMUSG00000101652,1,0,0,0,9,0,1,5,2,2,1,0,0,0,0,0
ENSMUSG00000100814,1,0,0,0,1,0,0,0,0,0,0,0,0,0,0,0
ENSMUSG00000025925,11201,8949,7627,9018,12500,14102,9565,9066,9202,8836,7558,5999,6935,6923,7831,5908
ENSMUSG00000104379,34,161,111,100,67,104,96,93,44,77,45,65,6,24,28,21
ENSMUSG00000032719,17,78,28,32,11,25,15,26,8,18,3,10,2,8,8,11
ENSMUSG00000088943,0,0,0,0,0,0,0,0,1,0,0,0,0,0,0,0
ENSMUSG00000100652,14,4,0,2,0,4,4,0,2,2,8,6,0,0,0,3
ENSMUSG00000067795,0,10,0,4,1,6,4,0,0,0,6,1,10,8,13,2
ENSMUSG00000043716,165863,104939,96085,96198,108620,128900,96231,98073,134396,97056,110203,82628,162274,101761,141978,116262
ENSMUSG00000025921,384,385,391,470,400,540,346,333,471,355,465,370,583,337,558,367
ENSMUSG00000104165,0,0,0,0,0,0,0,0,0,0,0,0,0,0,0,0
ENSMUSG00000100868,0,2,4,0,0,0,0,0,0,0,0,0,0,2,2,4
ENSMUSG00000025920,741,453,463,457,443,590,429,359,476,443,317,273,525,396,1121,779
ENSMUSG00000089982,2,0,0,0,2,0,1,2,0,0,0,0,0,0,5,4
ENSMUSG00000025939,2205,1251,1498,1789,1792,1799,1067,1109,1374,1062,1092,814,1404,880,1293,1024
ENSMUSG00000102457,42,74,143,111,179,75,107,37,43,20,25,12,18,118,83,112
ENSMUSG00000079658,4963,3878,6362,7417,7473,9156,6217,6470,9327,6000,7455,5930,7683,5386,5597,4519
ENSMUSG00000097744,0,0,1,2,3,0,4,6,6,4,3,0,3,0,14,9
ENSMUSG00000100959,0,0,0,2,0,0,0,0,0,0,0,0,0,0,2,1
ENSMUSG00000025940,1778,1245,1000,1157,1495,1638,1232,1397,2008,1718,1451,1242,1742,1588,1686,1504
ENSMUSG00000025779,40,44,96,73,29,35,45,13,30,18,21,47,13,27,36,13
ENSMUSG00000100093,0,0,0,0,0,0,0,0,0,0,0,0,0,0,0,0
ENSMUSG00000091020,144,112,130,136,126,148,128,116,128,117,128,78,98,70,76,68
ENSMUSG00000101640,0,0,0,0,0,0,0,0,0,0,0,1,0,0,1,0
ENSMUSG00000104133,0,2,0,2,0,0,0,0,0,0,2,0,0,0,0,0
ENSMUSG00000042686,188,219,165,177,248,308,367,388,1399,1276,1885,1692,1917,1549,2118,1443
ENSMUSG00000100110,0,0,2,0,0,0,3,0,0,0,1,0,2,0,0,4
ENSMUSG00000025777,4,8,6,16,4,26,0,10,4,2,4,8,0,9,9,15
ENSMUSG00000099899,0,0,0,1,0,0,0,0,0,0,0,0,0,0,0,0
ENSMUSG00000100272,0,2,5,4,8,14,0,0,2,2,0,0,0,0,3,0
ENSMUSG00000100398,48,37,23,42,79,78,91,67,125,103,40,28,10,0,0,0
ENSMUSG00000101589,52,36,14,26,36,52,25,39,36,27,20,18,22,28,52,28
ENSMUSG00000102048,12,15,23,7,13,41,0,4,1,0,2,0,0,6,2,0
ENSMUSG00000089534,0,0,0,0,0,0,0,0,0,0,0,0,0,0,0,0
ENSMUSG00000067780,0,0,4,0,2,4,0,1,0,0,6,2,3,6,6,2
ENSMUSG00000100053,5,0,0,0,0,2,3,2,2,2,8,0,0,0,2,0
ENSMUSG00000085125,8,13,2,6,2,2,1,5,6,28,40,20,3,12,12,20
ENSMUSG00000025776,363,302,170,239,83,123,70,55,107,194,235,160,278,148,162,136
ENSMUSG00000099895,1,0,0,4,0,2,2,0,1,2,4,4,1,0,1,2
ENSMUSG00000100554,1,0,0,0,0,0,2,5,2,8,1,0,0,0,0,0
ENSMUSG00000099473,0,0,0,0,0,0,0,0,0,0,0,0,0,0,0,0
ENSMUSG00000099591,4,6,6,4,16,4,2,4,2,11,0,6,0,2,4,2
ENSMUSG00000109887,1,0,4,5,8,6,16,2,12,5,4,3,5,11,6,12
ENSMUSG00000102001,0,0,0,0,0,0,0,1,0,0,0,0,0,0,1,0
ENSMUSG00000101717,0,0,0,0,0,0,0,0,0,0,0,0,0,0,0,0
ENSMUSG00000025774,0,0,0,0,0,0,0,0,0,0,0,0,0,0,2,0
ENSMUSG00000070977,0,0,0,0,0,0,0,0,2,0,1,2,0,0,1,1
ENSMUSG00000073735,0,0,0,0,0,2,0,0,0,0,0,0,0,0,0,0
ENSMUSG00000067773,0,0,0,0,0,1,0,0,0,0,0,0,0,0,0,0
ENSMUSG00000101685,0,0,2,4,2,4,4,0,3,2,6,0,4,0,0,2
ENSMUSG00000101306,0,0,0,0,0,0,0,0,2,0,0,0,1,0,0,0
ENSMUSG00000088800,0,0,0,0,0,0,0,0,0,0,0,0,0,0,0,0
ENSMUSG00000101644,0,0,0,0,0,0,0,0,0,0,0,0,0,0,0,0
ENSMUSG00000099433,1,0,8,2,1,2,0,0,6,0,0,0,0,0,1,0
ENSMUSG00000089787,0,3,14,6,0,2,0,2,0,2,0,2,0,0,0,0
ENSMUSG00000042596,0,0,0,0,0,0,0,0,4,0,2,1,0,1,2,0
ENSMUSG00000100720,20,12,22,33,12,24,30,18,30,15,14,8,6,10,6,0
ENSMUSG00000025927,2,2,0,1,0,0,0,0,0,1,9,10,9,2,2,0
ENSMUSG00000100538,0,0,0,0,0,0,0,0,0,0,0,0,0,0,0,0
ENSMUSG00000101117,0,0,1,0,0,0,0,0,0,0,0,0,1,0,0,0
ENSMUSG00000100204,8,6,19,14,4,6,7,10,25,16,23,12,13,16,4,8
ENSMUSG00000084668,0,0,0,0,0,0,0,0,0,0,0,0,0,0,0,0
ENSMUSG00000102597,0,0,0,0,0,0,0,0,0,0,0,0,0,0,0,0
ENSMUSG00000043760,493,589,465,415,472,398,594,514,586,665,495,419,282,225,157,95
ENSMUSG00000104095,2,2,0,2,0,0,4,0,2,0,4,0,0,0,0,1
ENSMUSG00000089914,5,1,6,2,0,7,0,1,2,4,1,6,2,10,0,0
ENSMUSG00000090142,6,7,1,7,5,2,8,1,3,2,7,8,2,4,4,2
ENSMUSG00000070175,0,0,0,0,0,0,0,1,0,0,0,0,0,0,0,0
ENSMUSG00000099906,0,0,0,0,4,0,0,0,0,0,0,0,0,1,1,0
ENSMUSG00000065559,0,0,0,0,0,0,0,0,0,0,0,0,0,0,0,0
ENSMUSG00000065480,0,0,0,0,0,0,0,0,0,0,0,0,0,0,0,0
ENSMUSG00000025929,0,2,0,0,0,0,0,0,0,0,0,0,0,0,0,0
ENSMUSG00000041872,35,68,63,17,23,14,29,19,8,8,12,2,10,3,3,6
ENSMUSG00000041859,56741,56992,44615,50873,50883,57812,53780,49661,49764,47817,50005,37241,44056,40518,32748,31994
ENSMUSG00000099714,3,2,3,0,8,0,0,0,0,4,4,3,0,2,4,0
ENSMUSG00000102121,0,0,0,0,0,0,0,0,0,0,0,0,0,0,0,0
ENSMUSG00000088858,0,0,0,0,0,0,0,0,0,0,0,0,0,0,0,0
ENSMUSG00000097934,9,3,0,0,14,0,4,3,0,1,0,0,0,2,4,2
ENSMUSG00000025931,3973,2469,941,1172,960,1072,620,653,229,540,100,100,224,139,444,268
ENSMUSG00000077314,1,1,1,2,0,0,0,1,0,4,0,0,0,0,0,0
ENSMUSG00000100929,4,6,2,0,0,2,0,0,0,0,0,0,0,0,0,0
ENSMUSG00000041809,956,739,433,314,360,320,323,261,86,181,82,55,170,175,336,242
ENSMUSG00000041779,2164,1508,629,756,923,1050,675,748,553,784,194,438,292,322,544,471
ENSMUSG00000099971,3,0,1,0,2,3,0,2,0,4,0,0,4,1,1,2
ENSMUSG00000100819,12,6,2,5,9,2,8,0,3,4,4,2,7,2,6,5
ENSMUSG00000025933,462,260,246,222,301,321,315,202,212,202,96,92,310,99,214,147
ENSMUSG00000102633,6,32,10,10,32,20,26,16,41,29,34,41,13,36,8,16
ENSMUSG00000025934,1294,1476,1933,2128,2196,2943,1934,2363,1712,1378,461,337,162,119,34,23
ENSMUSG00000099343,34,53,29,11,32,50,56,53,37,40,8,10,0,0,0,0
ENSMUSG00000096375,0,0,0,0,1,0,4,0,0,0,0,0,0,0,0,0
ENSMUSG00000025936,0,2,0,0,0,0,0,2,0,0,0,1,0,4,0,0
ENSMUSG00000093963,0,0,0,0,0,0,0,0,0,0,0,0,0,0,0,0
ENSMUSG00000067750,4,0,0,8,6,2,0,0,2,0,4,2,0,4,0,2
ENSMUSG00000086194,1,0,0,0,0,0,0,0,0,0,0,0,1,3,0,0
ENSMUSG00000094436,0,0,0,0,0,0,0,0,0,0,0,0,0,0,0,0
ENSMUSG00000041722,4,0,2,0,0,0,0,4,0,0,0,0,0,0,0,0
ENSMUSG00000085507,0,0,0,0,0,0,0,0,0,0,0,0,1,1,0,1
ENSMUSG00000094926,0,0,0,0,0,0,0,0,0,0,0,0,0,0,0,0
ENSMUSG00000085079,0,0,6,2,0,0,0,0,2,2,0,0,2,2,0,2
ENSMUSG00000085679,0,0,0,0,0,0,0,0,0,0,0,0,0,0,0,0
ENSMUSG00000028033,14,18,9,7,13,10,6,8,6,4,16,6,60,29,142,114
ENSMUSG00000104138,0,0,0,0,0,0,0,0,0,2,0,0,0,0,0,6
ENSMUSG00000082935,675,418,387,459,475,648,457,472,527,471,614,453,840,620,687,777
ENSMUSG00000103748,0,0,0,0,0,0,0,0,0,0,0,0,0,0,2,2
ENSMUSG00000097109,0,2,4,4,2,3,2,0,0,8,5,2,18,12,14,18
ENSMUSG00000099692,0,0,0,0,0,0,0,2,0,0,0,0,2,0,0,0
ENSMUSG00000100418,0,0,0,0,0,0,0,0,0,0,1,0,0,0,0,0
ENSMUSG00000041670,202,564,599,429,906,1124,543,567,238,230,119,147,237,154,247,217
ENSMUSG00000097642,0,0,0,0,0,0,0,0,0,0,0,0,0,0,0,0
ENSMUSG00000101468,1,0,0,0,0,0,0,0,0,0,0,0,0,0,0,0
ENSMUSG00000101227,0,0,0,0,0,1,2,0,0,0,0,0,0,0,0,0
ENSMUSG00000073730,0,4,2,0,4,2,0,0,0,0,4,0,0,0,0,0
ENSMUSG00000089553,0,0,0,0,0,0,0,0,0,0,0,0,0,0,0,0
ENSMUSG00000102766,1,4,0,5,4,1,4,2,0,2,0,0,0,2,9,4
ENSMUSG00000065405,0,3,6,4,3,9,2,2,2,2,4,4,1,6,1,6
ENSMUSG00000097970,23,67,60,65,40,47,52,56,14,57,48,21,16,40,31,45
ENSMUSG00000065567,0,0,0,0,0,0,0,0,0,0,0,0,0,0,0,0
ENSMUSG00000100775,1,0,0,0,0,0,0,0,0,0,0,0,0,2,0,0
ENSMUSG00000101226,0,0,0,0,0,0,0,4,0,0,0,0,0,0,0,0
ENSMUSG00000026158,1122,709,623,835,889,802,848,1041,1628,1641,1042,1049,1658,1093,2135,1455
ENSMUSG00000097920,6,4,0,6,4,0,0,6,6,2,0,4,2,7,4,0
ENSMUSG00000099503,0,0,0,0,0,0,0,0,0,0,0,0,0,0,0,0
ENSMUSG00000026156,64,169,64,79,87,114,66,80,46,102,44,59,23,100,96,82
ENSMUSG00000026155,2519,1566,1329,1557,1611,1533,1818,1478,2146,1748,1125,934,1658,1212,2100,1416
ENSMUSG00000026154,694,357,341,377,470,525,510,428,468,371,330,200,427,336,623,475
ENSMUSG00000102495,1,0,1,1,1,1,0,0,0,1,2,0,0,6,4,5
ENSMUSG00000026153,2132,1843,1860,2086,2957,3093,2070,2137,2355,2950,2808,2396,3420,3702,4601,3280
ENSMUSG00000102398,6,6,26,14,8,16,6,10,18,6,14,14,16,42,34,54
ENSMUSG00000097670,0,0,0,0,0,0,0,0,0,0,0,0,0,0,0,0
ENSMUSG00000026147,7,2,0,0,2,0,0,2,8,0,10,2,22,8,15,25
ENSMUSG00000026141,0,0,0,1,2,0,2,0,0,6,0,4,5,4,5,2
ENSMUSG00000077463,0,0,0,0,0,0,0,0,0,0,0,0,0,0,0,0
ENSMUSG00000099997,18,7,4,4,6,2,26,8,13,10,20,8,10,9,8,2
ENSMUSG00000100131,0,2,0,0,0,0,0,2,0,0,2,0,0,0,0,0
ENSMUSG00000067736,5,15,7,9,9,12,11,15,0,15,3,14,1,10,6,10
ENSMUSG00000101939,79,123,122,285,165,258,141,279,85,280,181,167,48,204,198,147
ENSMUSG00000101111,41,29,34,62,25,41,23,38,13,60,19,56,12,42,42,34
ENSMUSG00000100862,10,5,2,5,6,1,2,2,2,0,0,1,0,0,2,1
ENSMUSG00000102070,12,6,13,15,13,24,13,8,5,3,6,2,0,9,18,8
ENSMUSG00000101249,24,29,21,25,12,23,24,14,6,12,2,9,3,11,7,4
ENSMUSG00000073725,1905,1243,1120,1120,1468,1496,1053,867,807,837,698,565,925,876,1606,1267
ENSMUSG00000100808,0,0,0,0,0,0,0,0,0,0,0,0,0,0,0,0
ENSMUSG00000100483,0,0,1,0,0,0,0,0,0,1,0,0,0,0,1,0
ENSMUSG00000100450,0,2,2,2,0,0,2,0,0,0,8,0,0,2,0,0
ENSMUSG00000099392,0,0,0,0,0,0,0,0,0,0,0,0,0,0,0,0
ENSMUSG00000033569,32,20,11,28,24,13,6,18,28,14,30,12,56,24,95,120
ENSMUSG00000080849,0,0,0,0,0,0,0,0,0,0,0,0,0,0,0,2
ENSMUSG00000104257,0,0,0,14,5,4,4,5,2,10,0,0,7,10,2,0
ENSMUSG00000096866,0,0,0,0,4,0,0,0,0,0,0,0,0,0,0,0
ENSMUSG00000102296,0,0,0,0,0,0,0,2,0,0,1,0,0,2,0,0
ENSMUSG00000103209,0,0,0,0,0,0,0,4,0,0,0,0,4,0,0,0
ENSMUSG00000104027,0,0,0,0,0,0,0,0,0,0,0,0,0,0,0,0
ENSMUSG00000102407,0,0,0,0,0,0,2,0,0,0,0,0,0,0,0,4
ENSMUSG00000103214,0,0,0,0,0,0,0,0,0,0,0,0,0,4,2,8
ENSMUSG00000104100,0,0,0,0,0,0,0,0,0,0,0,0,2,0,6,4
ENSMUSG00000084740,0,0,0,0,0,0,0,0,0,0,0,0,0,0,0,0
ENSMUSG00000103889,0,0,0,2,0,0,0,0,2,0,0,0,0,0,4,4
ENSMUSG00000101301,0,0,0,0,0,0,0,0,0,0,0,0,0,0,0,1
ENSMUSG00000104221,2,0,0,0,0,0,1,0,0,0,0,0,0,0,4,4
ENSMUSG00000102250,2,0,2,0,0,0,0,0,0,2,0,0,0,0,2,6
ENSMUSG00000102317,2,2,2,0,2,8,0,0,0,2,0,0,4,0,16,10
ENSMUSG00000103563,2,0,0,0,0,0,0,0,0,0,0,0,0,2,2,6
ENSMUSG00000102465,0,4,0,0,0,0,0,0,0,0,0,0,0,0,36,2
ENSMUSG00000102659,0,0,0,3,0,6,2,0,0,0,1,0,0,0,4,0
ENSMUSG00000103924,2,7,2,2,2,0,2,1,0,2,0,4,0,3,29,18
ENSMUSG00000104132,2,4,0,2,2,0,2,6,0,0,2,2,4,4,27,24
ENSMUSG00000102747,2,4,4,2,0,0,2,0,2,2,2,2,4,3,7,12
ENSMUSG00000102386,0,0,0,0,0,0,0,0,0,6,0,0,0,2,2,10
ENSMUSG00000103004,0,0,2,4,2,1,0,0,0,0,0,2,0,0,3,2
ENSMUSG00000104516,0,0,0,0,0,0,2,0,0,0,0,0,0,0,0,0
ENSMUSG00000101618,0,0,0,0,0,0,0,0,0,0,0,0,0,0,0,0
ENSMUSG00000099458,0,0,0,0,0,0,0,0,0,0,0,0,0,0,1,1
ENSMUSG00000088111,0,0,0,0,0,0,0,0,0,0,0,0,0,0,0,0
ENSMUSG00000073722,11,18,2,0,0,2,0,0,0,0,0,0,2,4,0,0
ENSMUSG00000095256,0,0,2,0,0,0,0,0,1,0,0,0,0,0,0,0
ENSMUSG00000100310,0,0,0,0,0,0,0,0,0,0,0,0,0,0,0,0
ENSMUSG00000101514,0,0,0,0,1,0,0,0,0,1,0,1,0,2,0,0
ENSMUSG00000101033,0,0,0,0,0,0,0,0,0,0,0,0,0,0,0,0
ENSMUSG00000101372,2,0,2,0,4,0,4,0,6,0,0,0,4,2,0,0
ENSMUSG00000103241,1,0,0,0,0,0,1,0,0,0,0,0,0,0,0,0
ENSMUSG00000086240,17,8,6,28,14,12,14,6,24,28,14,11,24,13,15,7
ENSMUSG00000048411,0,0,0,0,0,0,0,0,0,2,0,0,0,0,0,4
ENSMUSG00000081557,10,6,2,2,0,0,2,2,0,2,0,0,2,1,2,0
ENSMUSG00000058590,0,0,0,0,0,0,0,0,0,0,0,0,0,0,1,0
ENSMUSG00000101235,0,0,0,0,0,0,0,0,0,0,0,0,0,0,0,0
ENSMUSG00000064433,0,0,0,0,0,0,0,0,0,0,0,0,0,0,0,0
ENSMUSG00000080625,0,0,0,0,0,0,0,0,0,0,0,0,0,0,0,0
ENSMUSG00000080391,0,0,0,0,0,0,0,0,0,0,0,0,0,0,0,0
ENSMUSG00000099257,0,0,0,0,0,0,0,0,0,0,0,0,0,0,0,0
ENSMUSG00000099492,71,11,45,22,30,22,28,37,27,17,29,22,30,29,34,42
ENSMUSG00000101726,3,0,0,0,0,2,0,0,2,0,0,0,0,0,0,0
ENSMUSG00000096829,0,0,0,0,0,0,0,0,0,0,0,0,0,0,0,0
ENSMUSG00000098883,0,0,0,0,0,0,0,0,0,0,0,0,0,0,0,0
ENSMUSG00000053185,0,0,0,0,0,0,0,0,0,0,0,0,0,1,2,2
ENSMUSG00000100261,0,2,0,0,0,0,0,2,0,2,0,0,0,4,0,1
ENSMUSG00000101180,0,2,0,0,0,0,0,0,0,0,0,0,0,0,0,0
ENSMUSG00000048874,27025,29168,25395,27093,33148,37523,28096,26511,18448,20976,19392,14570,16274,14979,18321,15383
ENSMUSG00000103783,139,435,326,437,304,314,248,193,111,221,138,174,65,163,223,153
ENSMUSG00000104315,141,358,362,443,287,340,249,201,95,236,143,158,57,146,243,200
ENSMUSG00000117310,4,6,9,5,1,6,16,5,4,11,6,2,8,8,9,8
ENSMUSG00000026064,205,260,464,436,233,297,227,180,186,274,274,229,119,264,244,251
ENSMUSG00000117091,96,78,413,205,491,171,359,36,154,36,92,19,26,5,24,14
ENSMUSG00000086726,6,0,21,3,10,14,24,2,21,0,8,0,0,0,0,2
ENSMUSG00000086727,53,41,302,206,368,120,217,44,156,34,54,18,25,7,28,12
ENSMUSG00000100237,0,0,0,0,0,0,0,0,0,6,2,0,0,0,0,0
ENSMUSG00000098529,0,0,0,0,0,0,0,0,0,0,0,0,0,0,0,0
ENSMUSG00000100910,0,0,0,0,0,0,2,0,0,2,6,0,0,1,0,1
ENSMUSG00000099796,4,3,0,6,2,4,3,5,3,6,2,2,2,2,8,2
ENSMUSG00000050217,1,8,0,2,2,1,2,1,0,1,2,4,0,0,0,0
ENSMUSG00000026063,0,0,0,0,0,0,0,0,0,0,0,0,0,0,0,0
ENSMUSG00000077664,0,0,0,0,0,0,0,0,0,0,0,0,0,0,0,0
ENSMUSG00000100205,0,0,0,0,1,0,2,0,0,0,0,0,0,0,0,0
ENSMUSG00000100592,0,0,1,0,0,2,0,0,0,0,0,0,0,0,0,0
ENSMUSG00000094215,58,67,256,123,359,130,187,48,140,19,73,20,19,1,3,4
ENSMUSG00000101093,1,0,0,0,1,0,0,2,0,0,0,0,0,0,0,0
ENSMUSG00000070960,39,30,16,20,8,6,12,12,26,14,12,18,26,20,50,44
ENSMUSG00000088620,0,0,0,0,0,0,0,0,0,0,0,0,0,0,0,0
ENSMUSG00000082159,5,1,14,13,14,19,2,8,19,10,1,10,0,1,0,2
ENSMUSG00000026058,1,2,2,2,6,0,1,0,2,2,0,4,18,30,65,34
ENSMUSG00000064688,0,0,0,0,0,0,0,0,0,0,0,0,0,0,0,0
ENSMUSG00000103482,0,0,0,0,0,0,0,0,0,0,0,0,2,0,0,2
ENSMUSG00000104498,2,0,2,0,0,0,0,0,0,0,2,0,2,0,0,0
ENSMUSG00000104313,0,0,0,2,0,0,0,0,0,0,0,0,0,0,0,0
ENSMUSG00000102865,0,0,0,0,1,0,0,0,0,0,0,0,0,0,0,0
ENSMUSG00000102321,0,0,0,0,0,0,0,0,0,0,0,0,0,0,2,2
ENSMUSG00000091318,4,0,0,0,0,0,0,0,0,0,0,0,0,4,0,0
ENSMUSG00000089489,0,0,0,0,0,0,0,0,0,0,0,0,0,0,0,0
ENSMUSG00000104433,2,0,0,0,0,0,0,0,0,0,0,0,0,0,0,0
ENSMUSG00000089395,0,0,0,0,0,0,0,0,0,0,0,0,0,0,0,0
ENSMUSG00000102926,0,0,0,0,0,0,0,0,0,0,0,0,0,2,0,0
ENSMUSG00000100497,0,0,0,0,0,0,0,0,0,0,0,0,2,0,4,0
ENSMUSG00000102917,0,0,0,0,0,0,0,0,0,0,0,0,0,0,0,0
ENSMUSG00000100481,10,8,6,8,5,12,5,12,9,13,8,4,10,2,12,10
ENSMUSG00000100590,4,2,0,0,0,0,0,0,0,0,0,0,0,4,0,2
ENSMUSG00000088750,0,0,0,0,0,0,0,0,0,0,0,0,0,0,0,0
ENSMUSG00000104230,0,0,0,0,0,0,0,0,0,0,0,0,0,0,0,2
ENSMUSG00000101754,2,0,2,2,0,0,2,2,0,0,0,0,0,0,0,2
ENSMUSG00000065223,0,0,5,1,0,0,0,0,0,0,0,0,0,1,0,0
ENSMUSG00000100318,4,10,2,3,2,0,0,0,0,0,2,0,2,0,0,0
ENSMUSG00000101612,5,5,2,0,0,0,2,2,4,2,0,0,0,4,0,0
ENSMUSG00000065260,4,0,2,0,0,0,0,0,0,0,0,1,0,0,0,0
ENSMUSG00000026134,7034,5185,4286,4810,4777,5545,4799,4658,6222,5406,4778,3772,5285,4866,4718,4095
ENSMUSG00000101682,8,3,2,0,0,6,1,2,2,1,4,8,0,2,2,3
ENSMUSG00000102714,49,139,67,71,77,55,81,61,47,97,67,125,43,49,71,48
ENSMUSG00000102093,2,4,4,3,4,2,0,3,0,12,4,9,2,4,5,4
ENSMUSG00000103746,12,0,12,17,6,8,8,10,13,18,16,17,9,50,43,46
ENSMUSG00000102198,0,2,4,4,0,0,0,2,0,6,0,0,0,4,9,8
ENSMUSG00000004768,3174,2054,1204,1545,1971,1906,2589,2360,3693,2335,2959,2263,3601,2520,3051,2153
ENSMUSG00000042215,286,156,150,111,246,228,189,178,252,112,333,181,537,287,829,592
ENSMUSG00000103072,0,0,0,0,0,1,0,0,1,0,0,0,2,0,4,1
ENSMUSG00000042197,8483,6215,5308,6327,6565,6500,5789,5374,7115,7036,7209,5842,6997,6944,6453,6125
ENSMUSG00000081402,361,254,440,364,318,242,178,164,164,115,153,81,89,102,26,21
ENSMUSG00000042182,123,73,112,38,73,37,49,35,37,42,54,45,107,100,472,310
ENSMUSG00000104416,2,0,2,0,0,0,0,6,0,0,1,0,2,4,10,10
ENSMUSG00000026131,69510,140969,80344,69180,71670,83911,61163,64608,23258,56965,30532,30523,25639,48493,63062,92128
ENSMUSG00000103596,12,14,7,12,20,1,14,12,4,12,10,14,6,13,28,20
ENSMUSG00000099382,0,1,0,0,0,4,0,3,0,0,0,1,0,4,1,1
ENSMUSG00000084506,0,0,0,0,0,2,0,0,0,0,0,1,0,0,0,0
ENSMUSG00000103364,61,130,86,81,64,75,76,53,49,80,26,63,16,43,140,67
ENSMUSG00000105982,4,4,5,3,8,6,7,3,1,5,3,1,0,2,11,11
ENSMUSG00000096992,367,951,670,785,1175,1067,889,550,312,468,311,239,200,323,538,391
ENSMUSG00000103001,67,104,71,65,57,65,61,56,32,41,16,23,30,20,71,48
ENSMUSG00000104397,0,2,0,0,0,0,1,0,1,0,0,0,0,0,0,0
ENSMUSG00000102839,0,0,0,0,0,0,0,0,0,0,0,0,0,0,0,0
ENSMUSG00000101206,4,0,0,8,6,14,2,4,8,3,0,8,0,0,0,0
ENSMUSG00000101462,2,0,1,4,4,2,2,0,0,0,0,0,0,0,2,4
ENSMUSG00000102336,40,54,39,58,146,139,76,60,28,50,19,53,24,35,63,91
ENSMUSG00000092852,0,0,0,0,0,0,0,0,0,0,0,0,0,0,0,0
ENSMUSG00000042111,2936,2152,1730,1923,2449,2272,2419,2033,3413,2061,2380,1794,2053,1383,1219,1028
ENSMUSG00000101711,9,21,16,19,15,21,12,8,18,19,10,19,10,28,2,4
ENSMUSG00000026127,8385,5688,5560,6080,6756,7281,7584,6896,11175,7246,10083,7911,10126,7013,5612,5219
ENSMUSG00000026126,26,29,42,24,52,35,44,35,165,132,161,195,178,212,222,222
ENSMUSG00000100280,7,4,4,14,29,25,22,44,62,36,95,58,47,55,32,42
ENSMUSG00000101223,1,0,0,0,4,0,1,0,0,1,0,0,6,6,4,7
ENSMUSG00000026125,4,0,0,0,1,1,2,0,0,0,4,2,14,8,8,2
ENSMUSG00000101116,0,0,0,0,0,0,0,0,0,0,0,0,0,0,0,0
ENSMUSG00000026124,10,5,4,2,1,2,0,1,14,11,2,2,7,13,27,18
ENSMUSG00000101803,0,0,0,0,0,0,0,0,0,0,0,0,2,2,3,2
ENSMUSG00000037529,0,1,0,5,2,1,2,0,0,0,0,1,0,6,2,2
ENSMUSG00000045815,0,0,0,0,0,0,0,0,0,0,0,0,0,0,0,0
ENSMUSG00000045174,4,2,12,2,0,2,0,2,0,0,0,4,0,9,48,30
ENSMUSG00000100524,0,0,0,0,0,0,0,0,0,0,0,0,0,0,0,0
ENSMUSG00000102499,0,2,0,0,0,0,2,0,0,0,0,0,0,0,0,0
ENSMUSG00000103521,8,4,4,0,0,0,0,0,1,2,0,0,0,0,0,0
ENSMUSG00000104098,0,0,4,2,0,2,2,0,2,2,0,0,0,0,0,0
ENSMUSG00000037509,558,791,275,312,300,263,530,455,378,522,610,642,1342,1066,1229,1026
ENSMUSG00000102537,0,0,0,0,0,0,0,1,0,0,0,0,0,0,1,0
ENSMUSG00000102612,0,0,0,0,0,0,0,1,0,0,0,0,0,0,0,0
ENSMUSG00000118272,0,0,0,0,0,0,0,0,0,0,0,0,0,0,0,0
ENSMUSG00000104002,77,253,124,132,97,129,105,136,67,81,73,110,42,65,82,46
ENSMUSG00000037503,16320,11754,11027,10223,11196,11713,10050,8319,10183,8153,9575,6735,11169,7351,9268,7193
ENSMUSG00000104358,149,338,260,296,231,316,218,156,133,242,218,200,99,142,171,143
ENSMUSG00000026123,12194,9023,7819,6815,6430,6050,6365,5473,5688,5433,2983,2108,1177,1306,972,734
ENSMUSG00000103716,0,0,2,0,4,0,0,0,0,0,2,1,5,0,0,0
ENSMUSG00000103548,0,0,0,0,0,0,0,0,2,0,0,0,0,1,0,0
ENSMUSG00000103760,0,0,0,4,0,0,0,0,1,0,0,2,1,0,0,0
ENSMUSG00000103997,0,0,0,0,0,0,0,0,0,0,0,0,0,0,0,2
ENSMUSG00000077231,1,0,0,0,2,7,2,1,0,0,0,0,2,0,0,0
ENSMUSG00000104417,0,0,0,4,0,0,0,0,0,0,0,0,0,0,0,2
ENSMUSG00000064601,0,0,0,0,0,0,0,0,0,0,0,0,0,0,0,0
ENSMUSG00000101714,0,0,0,0,0,0,0,0,0,1,0,0,0,0,0,0
ENSMUSG00000102531,20,15,26,8,20,23,6,8,0,3,0,3,0,4,0,2
ENSMUSG00000103096,2,2,4,4,0,2,0,0,0,0,0,0,0,0,0,0
ENSMUSG00000102279,7,7,20,14,9,9,4,2,1,7,2,0,0,0,0,0
ENSMUSG00000103708,103,95,133,138,171,139,100,99,107,69,58,38,17,17,10,0
ENSMUSG00000104201,16,15,19,12,26,22,10,18,42,36,19,10,17,3,0,0
ENSMUSG00000102434,58,73,50,71,118,115,150,116,96,91,42,30,6,8,2,2
ENSMUSG00000045216,9862,6971,8998,6127,6245,6170,5096,3930,4917,3786,3643,2811,4007,2664,3169,2061
ENSMUSG00000104523,0,0,0,0,0,0,0,0,0,0,0,0,0,0,0,0
ENSMUSG00000102202,11,79,46,16,32,26,32,18,20,28,27,25,13,24,24,30
ENSMUSG00000037470,25870,28480,19981,19303,20476,20594,17861,17462,12937,16044,15134,12599,13148,14277,10951,12062
ENSMUSG00000098752,6,5,1,5,2,2,1,4,6,3,3,5,1,1,0,3
ENSMUSG00000047180,10,12,16,4,4,2,0,0,10,12,17,13,25,30,0,4
ENSMUSG00000037447,724,503,479,420,488,370,523,465,385,365,360,353,407,479,315,407
ENSMUSG00000102762,2,11,0,1,6,4,7,6,2,2,2,8,0,7,4,2
ENSMUSG00000010453,5806,4407,3212,2987,4059,3496,3967,3333,3681,2593,3459,2467,4571,3155,4543,3289
ENSMUSG00000098680,2,3,2,1,1,2,0,0,0,0,0,1,0,0,1,0
ENSMUSG00000037432,198,211,100,104,108,148,102,124,63,122,73,113,128,179,223,209
ENSMUSG00000001143,1118,795,537,504,820,873,644,769,642,626,497,553,701,732,995,872
ENSMUSG00000037408,725,511,522,533,477,391,464,336,457,419,566,524,1566,794,1183,861
ENSMUSG00000104316,0,9,3,8,7,2,11,7,7,8,6,28,13,33,32,24
ENSMUSG00000106081,0,0,0,0,0,0,0,0,0,0,0,0,0,0,0,0
ENSMUSG00000001138,2600,1831,1187,1123,1669,1572,1984,1423,2514,1654,2558,2241,3091,1900,3767,2235
ENSMUSG00000102845,0,0,0,0,0,0,0,0,0,0,0,0,0,0,0,0
ENSMUSG00000067653,10,33,22,12,11,25,17,15,10,4,16,10,12,25,32,29
ENSMUSG00000109510,0,0,0,0,0,0,0,0,0,0,0,0,0,0,0,0
ENSMUSG00000079610,479,373,229,248,320,337,267,284,376,281,329,333,529,498,496,545
ENSMUSG00000026121,369,405,289,218,289,302,276,381,1066,1234,3125,2769,2177,1265,1529,1051
ENSMUSG00000087589,33,49,53,24,10,14,5,22,20,9,103,86,89,80,109,79
ENSMUSG00000046337,3360,2425,2079,1686,1173,1169,1007,874,851,942,822,844,933,1007,410,402
ENSMUSG00000089906,4,7,2,5,8,2,4,0,5,12,3,7,3,4,1,0
ENSMUSG00000077939,6,2,0,1,1,0,0,0,0,0,0,0,0,0,0,0
ENSMUSG00000061518,14094,8016,8862,8504,9158,10016,8519,7672,9529,6744,7771,6351,11763,7840,9830,8743
ENSMUSG00000037351,10611,7426,5794,6050,7861,7930,7856,7256,8376,5383,7464,5474,10893,6216,9646,8201
ENSMUSG00000102416,1,2,2,3,3,7,3,4,0,1,3,0,5,3,8,7
ENSMUSG00000104237,0,0,0,0,0,0,0,0,0,0,0,0,5,1,2,0
ENSMUSG00000026117,470,323,128,160,75,66,131,186,219,262,84,107,142,163,55,49
ENSMUSG00000097291,0,0,0,0,0,0,0,0,0,0,4,0,2,1,2,0
ENSMUSG00000026116,15685,13668,10911,9815,9002,8811,9297,9015,10264,10949,11105,12210,8742,7713,6538,5500
ENSMUSG00000103016,14,23,11,23,13,14,16,11,9,23,26,23,3,28,12,9
ENSMUSG00000102930,68,228,82,130,84,137,98,99,60,101,82,137,34,77,81,46
ENSMUSG00000103159,100,262,170,156,139,160,161,133,64,193,130,175,30,111,108,68
ENSMUSG00000080054,8,0,0,6,2,5,8,5,7,0,4,7,2,3,6,6
ENSMUSG00000095944,0,0,0,0,0,2,0,0,0,0,0,0,2,0,0,0
ENSMUSG00000050122,1685,2126,1395,1497,1974,1780,3640,3652,4839,3074,1934,1630,276,393,18,10
ENSMUSG00000103603,12,18,9,12,39,30,45,57,39,53,12,26,0,8,0,0
ENSMUSG00000026114,326,384,254,335,290,201,571,378,775,526,600,520,736,464,225,203
ENSMUSG00000102231,0,0,0,0,0,0,0,0,0,0,0,0,0,0,2,0
ENSMUSG00000026113,623,526,264,385,505,621,501,571,496,589,281,412,271,306,481,406
ENSMUSG00000086064,3,2,2,2,4,4,4,3,0,0,0,1,2,3,0,2
ENSMUSG00000102879,4,0,1,4,4,0,2,0,0,0,0,4,2,0,0,4
ENSMUSG00000026112,9459,5781,4399,5770,5991,5655,5256,5319,6373,5051,6046,4338,8513,4904,6408,4666
ENSMUSG00000026111,2952,1728,1634,2056,2310,2848,1792,1856,1779,1533,1330,1089,1589,1261,2035,1801
ENSMUSG00000026110,1044,994,919,985,1107,1162,923,963,837,920,559,598,836,907,1052,887
ENSMUSG00000103948,2,2,7,0,2,6,9,6,2,4,4,4,0,4,4,2
ENSMUSG00000087233,0,1,2,0,1,0,2,0,0,0,0,0,0,0,0,3
ENSMUSG00000026090,107,84,127,89,94,63,71,36,131,40,32,24,30,18,82,36
ENSMUSG00000089767,0,0,0,0,0,0,0,0,1,0,0,1,0,0,0,0
ENSMUSG00000104365,2,0,0,0,0,0,0,0,0,0,0,0,0,0,2,6
ENSMUSG00000102650,0,0,0,2,2,0,0,0,2,0,2,0,2,0,2,2
ENSMUSG00000060771,333,311,232,250,479,407,323,364,352,306,285,179,256,302,534,340
ENSMUSG00000097268,4,6,3,2,2,8,0,0,0,4,6,0,0,0,2,6
ENSMUSG00000037216,610,402,135,240,448,493,431,465,434,459,428,347,799,476,534,434
ENSMUSG00000026088,2222,1351,1061,1300,1707,1706,1639,1723,2047,1530,1503,959,1841,1445,1214,1085
ENSMUSG00000026087,6168,4243,3713,4142,4544,5360,4414,4627,5604,3929,4832,3585,5786,3835,4583,4068
ENSMUSG00000061584,2,0,0,0,0,0,0,0,0,0,2,0,1,0,1,0
ENSMUSG00000087374,5,9,2,1,8,3,2,0,0,0,0,0,1,1,0,0
ENSMUSG00000026085,6,3,3,10,4,2,8,2,0,0,1,0,0,1,0,0
ENSMUSG00000089141,0,0,0,0,0,0,0,0,0,0,0,0,0,0,0,0
ENSMUSG00000058407,6997,4662,5908,6839,6223,7494,5294,4983,6336,4330,5348,4038,7351,3840,5076,3935
ENSMUSG00000026083,8204,7143,5305,7137,7772,8348,7597,7497,6575,7416,6993,5515,6250,6073,7298,5995
ENSMUSG00000026082,6615,6004,4652,5093,5461,5317,6157,5590,6242,5234,6017,4552,5722,5718,6513,6074
ENSMUSG00000103804,96,197,67,121,114,123,114,101,55,188,123,122,58,208,145,208
ENSMUSG00000102716,2,0,0,0,2,0,2,0,4,2,8,0,0,1,1,4
ENSMUSG00000037138,204,144,132,114,448,280,436,408,955,720,2108,1897,3444,2804,3333,2434
ENSMUSG00000085391,6,4,1,8,10,5,5,6,6,7,12,11,8,21,19,18
ENSMUSG00000085280,0,2,1,3,2,0,3,7,1,4,9,45,13,29,23,29
ENSMUSG00000087131,0,2,0,4,2,2,0,1,6,6,6,28,6,18,11,15
ENSMUSG00000102984,2,0,0,0,0,2,0,2,0,2,14,29,6,18,16,12
ENSMUSG00000102541,0,0,0,0,0,0,0,0,0,0,0,0,0,0,0,0
ENSMUSG00000103531,0,0,0,0,0,0,0,0,2,0,1,2,0,6,0,0
ENSMUSG00000048814,365,323,226,320,253,309,340,385,138,129,43,12,57,82,77,80
ENSMUSG00000026080,605,374,322,367,478,367,407,432,547,330,185,186,402,192,287,240
ENSMUSG00000103647,0,0,0,7,0,0,2,2,2,1,0,2,0,0,0,1
ENSMUSG00000102447,0,0,2,0,0,0,0,0,0,0,2,2,2,4,0,2
ENSMUSG00000067604,0,0,0,2,0,0,0,0,0,0,0,0,0,0,0,1
ENSMUSG00000026078,3448,2312,2432,2471,3170,3622,2663,2435,2325,1779,2038,1305,2553,1841,4656,3771
ENSMUSG00000103046,35,63,79,101,90,105,61,48,22,46,42,34,46,56,79,113
ENSMUSG00000104188,0,0,0,0,0,0,0,0,0,0,2,2,0,0,0,0
ENSMUSG00000103182,0,0,0,0,2,0,2,4,2,0,2,2,0,0,0,4
ENSMUSG00000098833,0,0,0,0,0,0,0,0,0,0,0,0,0,0,0,0
ENSMUSG00000026077,65,62,69,33,72,101,13,16,6,9,0,4,2,3,4,8
ENSMUSG00000092553,0,0,0,0,2,0,0,0,0,1,0,0,0,0,0,2
ENSMUSG00000092563,14,0,4,1,2,2,2,2,4,2,0,0,2,1,0,2
ENSMUSG00000073702,39509,27893,26425,22680,30111,31555,29373,25732,32761,22604,24016,20675,32616,25581,29048,28983
ENSMUSG00000003134,4918,5343,4270,3299,3191,2792,2753,2223,1638,1673,986,890,899,925,1612,1378
ENSMUSG00000102607,4,12,8,19,9,18,15,6,3,7,6,2,0,2,18,1
ENSMUSG00000065629,0,0,0,0,0,0,0,0,0,0,0,0,0,0,0,0
ENSMUSG00000104827,0,0,0,0,0,0,0,0,0,0,0,0,0,0,0,0
ENSMUSG00000003135,6539,4926,5746,6360,6445,7322,5597,4838,4710,3627,3907,2888,4872,3057,3525,3095
ENSMUSG00000085894,47,105,96,93,95,72,97,108,64,111,105,98,105,65,74,44
ENSMUSG00000077704,32,62,35,21,34,27,45,29,34,25,41,27,22,24,35,55
ENSMUSG00000048234,3726,2804,3099,3587,2970,3263,2661,2666,3622,2657,2955,2178,3787,2172,2509,2106
ENSMUSG00000064936,7,18,32,21,23,16,6,11,12,11,10,17,12,17,10,14
ENSMUSG00000102471,10,0,0,2,6,4,0,0,0,6,0,6,2,5,2,4
ENSMUSG00000050967,304,156,113,60,51,31,26,73,53,90,34,20,28,15,12,15
ENSMUSG00000097083,127,163,365,331,247,300,250,331,337,349,380,382,74,157,5,3
ENSMUSG00000057173,80,55,36,18,1,11,12,8,9,16,10,10,8,13,30,48
ENSMUSG00000091937,0,0,1,0,0,0,0,0,0,0,0,0,0,0,0,0
ENSMUSG00000101634,14,15,1,0,3,1,6,12,19,15,5,7,2,4,1,2
ENSMUSG00000026074,24201,18861,14488,14537,21216,23591,19837,16762,13857,12987,13668,9058,14941,11664,18028,13843
ENSMUSG00000102985,0,0,0,0,0,0,0,0,0,0,0,0,0,0,0,0
ENSMUSG00000026073,16,4,4,6,3,6,2,4,14,10,34,11,54,24,61,40
ENSMUSG00000097899,0,2,0,0,0,0,0,0,0,0,0,0,0,0,0,0
ENSMUSG00000102975,4,2,0,0,0,0,0,0,0,0,0,0,2,0,2,6
ENSMUSG00000026072,224,128,135,162,65,97,44,33,17,32,21,6,15,22,44,39
ENSMUSG00000103560,4,2,4,2,6,4,0,2,0,2,8,2,0,4,0,2
ENSMUSG00000070942,98,83,70,42,67,103,30,28,46,115,44,35,56,50,24,40
ENSMUSG00000103230,0,6,7,3,0,2,3,0,0,4,0,2,0,0,0,0
ENSMUSG00000026069,1,0,0,1,0,0,0,1,0,0,0,0,1,4,0,0
ENSMUSG00000026070,4,0,0,2,0,0,0,0,0,0,0,0,4,1,0,4
ENSMUSG00000026068,0,0,14,4,2,0,6,0,2,0,0,0,0,6,0,0
ENSMUSG00000104441,0,0,0,0,1,0,0,0,0,0,0,0,0,0,0,0
ENSMUSG00000026065,0,0,0,4,1,1,0,1,0,0,0,0,1,0,2,2
ENSMUSG00000102676,0,0,0,0,0,0,0,0,0,0,0,0,0,0,4,0
ENSMUSG00000026062,78,46,38,48,2,0,6,4,32,17,49,24,26,35,23,16
ENSMUSG00000103679,0,0,0,0,0,0,0,0,0,0,0,0,0,0,0,1
ENSMUSG00000103270,4,0,2,1,1,0,4,2,0,0,0,0,4,2,2,4
ENSMUSG00000041945,90,55,36,36,61,77,42,25,24,73,58,25,105,61,97,72
ENSMUSG00000079588,0,0,0,0,0,0,0,0,0,0,0,0,0,0,0,2
ENSMUSG00000094136,0,0,0,0,0,0,0,0,0,0,0,0,0,0,0,0
ENSMUSG00000104072,0,0,0,0,0,0,0,0,0,0,0,0,0,2,0,0
ENSMUSG00000100185,0,0,0,0,0,0,0,0,0,0,0,0,2,0,0,0
ENSMUSG00000100832,0,0,0,0,2,0,0,0,0,0,2,0,1,0,0,4
ENSMUSG00000100178,0,0,0,0,0,0,0,0,0,0,0,0,0,0,0,0
ENSMUSG00000101877,0,0,0,0,0,0,0,0,0,0,0,0,0,0,0,0
ENSMUSG00000053640,0,0,0,0,0,0,0,0,2,0,0,0,0,0,0,1
ENSMUSG00000101919,0,0,0,0,0,0,0,0,0,0,0,0,0,1,0,0
ENSMUSG00000101299,0,0,0,0,0,0,0,0,0,0,0,0,0,0,0,0
ENSMUSG00000100180,0,0,0,0,0,0,0,0,0,0,0,0,0,0,0,0
ENSMUSG00000103106,0,0,0,0,0,0,0,0,0,0,0,0,0,0,0,0
ENSMUSG00000060424,6,0,4,1,6,2,6,1,2,0,2,0,6,1,0,0
ENSMUSG00000104199,0,0,0,0,0,0,0,0,2,0,0,0,0,0,0,0
ENSMUSG00000093436,0,0,2,1,1,4,0,0,2,0,0,0,2,0,0,0
ENSMUSG00000045515,122,36,74,85,60,84,44,24,8,12,27,28,40,24,2,4
ENSMUSG00000097063,0,6,0,0,0,0,0,0,3,0,0,2,0,0,0,0
ENSMUSG00000099784,0,0,0,0,0,0,0,0,0,0,0,0,0,6,0,0
ENSMUSG00000060679,8060,5769,5175,5324,4668,5498,4458,4379,5430,5206,4442,3462,6332,5210,5718,5709
ENSMUSG00000077448,7,8,5,3,2,4,5,5,0,6,2,6,0,3,1,0
ENSMUSG00000041907,12,2,10,10,28,2,15,8,18,6,5,10,32,10,40,23
ENSMUSG00000089088,0,0,0,0,0,0,0,0,0,0,0,0,0,0,0,0
ENSMUSG00000070939,1745,922,799,724,993,944,605,570,639,617,683,676,915,848,1194,1054
ENSMUSG00000100269,4,6,0,0,1,0,0,0,0,0,0,2,0,0,0,4
ENSMUSG00000041878,4,11,6,12,12,15,6,6,8,18,16,15,10,27,40,38
ENSMUSG00000010290,3470,2480,1412,1803,2627,2790,2225,2256,2567,2637,2023,1726,2788,2791,3567,2657
ENSMUSG00000008136,20,24,61,44,38,89,10,10,92,36,99,98,114,88,80,87
ENSMUSG00000094497,1522,768,821,775,910,1015,974,835,1086,813,945,814,1505,1146,1171,1129
ENSMUSG00000099576,0,10,31,9,30,30,7,4,5,1,1,0,0,0,0,0
ENSMUSG00000099694,0,0,0,0,0,1,0,0,0,0,0,0,0,0,0,0
ENSMUSG00000101923,0,0,0,0,0,0,0,0,0,0,0,0,0,0,0,0
ENSMUSG00000066877,2641,1843,1517,1462,2031,2213,1565,1417,1669,1539,1475,1446,2427,1513,2500,2044
ENSMUSG00000103422,16,33,20,14,15,16,21,17,12,34,6,34,10,36,24,34
ENSMUSG00000103945,105,142,58,92,121,159,141,119,81,130,205,208,129,167,128,102
ENSMUSG00000026051,10,18,21,5,14,12,15,0,0,6,15,19,75,50,43,42
ENSMUSG00000100764,7,22,6,7,4,10,9,3,4,0,1,0,8,3,9,6
ENSMUSG00000100635,5,7,2,2,7,18,2,8,3,8,5,2,3,7,2,5
ENSMUSG00000100480,15,16,20,19,20,23,11,12,12,4,3,5,6,16,2,4
ENSMUSG00000057363,2346,1512,1386,1668,1996,2032,1615,1590,1748,1497,1072,902,1087,815,922,738
ENSMUSG00000090243,10,45,10,19,34,30,48,32,16,29,24,27,20,21,23,17
ENSMUSG00000100701,26,28,8,43,38,20,36,26,22,30,26,22,42,16,20,12
ENSMUSG00000101395,0,0,0,0,0,0,6,10,0,0,0,2,4,0,2,0
ENSMUSG00000088848,0,0,0,0,0,0,0,0,0,0,0,0,0,0,0,0
ENSMUSG00000095757,0,0,0,0,0,0,0,0,0,0,0,0,0,0,0,1
ENSMUSG00000041763,18241,13703,13280,16346,14897,15673,12108,12847,13983,16609,16011,12112,15394,12950,16243,12616
ENSMUSG00000047343,38,341,60,104,76,109,84,87,53,92,55,101,12,63,55,86
ENSMUSG00000090106,2,5,1,0,0,0,2,0,1,2,0,0,0,0,0,0
ENSMUSG00000091844,24,46,68,46,43,48,25,18,10,14,38,22,8,30,20,8
ENSMUSG00000026049,1143,865,1140,1776,1600,1925,1192,1325,1965,1080,1468,1233,1571,1025,1218,898
ENSMUSG00000101104,0,0,0,0,0,0,0,0,0,0,0,0,0,0,0,0
ENSMUSG00000026047,3275,2364,1833,1840,1931,1928,2124,2266,2507,2236,2162,1661,3165,3050,3156,2957
ENSMUSG00000041684,3168,1706,1161,1419,1774,1902,1303,1376,1387,1352,1604,1432,3040,1696,2862,2124
ENSMUSG00000026048,5217,3763,2771,2363,3040,3052,3812,3368,3489,3658,2971,2112,4388,3596,6014,4861
ENSMUSG00000046828,3,8,8,7,9,10,17,12,16,28,4,1,0,4,2,0
ENSMUSG00000089703,0,2,0,3,0,0,6,2,7,4,0,0,0,0,2,0
ENSMUSG00000100966,2,0,7,8,28,6,8,4,0,0,3,0,0,0,0,0
ENSMUSG00000100769,12,8,47,59,71,48,15,16,18,26,14,14,4,6,0,0
ENSMUSG00000101567,8,1,7,1,6,3,6,2,1,7,3,3,5,7,3,2
ENSMUSG00000056870,794,579,439,571,203,115,263,337,312,409,246,206,455,468,939,686
ENSMUSG00000102319,20,80,16,35,46,32,30,24,18,30,23,52,34,67,98,67
ENSMUSG00000089877,2,4,3,0,2,5,3,4,2,1,3,4,1,0,17,2
ENSMUSG00000101701,4,11,4,3,0,0,2,0,2,7,2,2,2,3,9,4
ENSMUSG00000103071,4,4,0,3,4,0,4,0,0,9,4,5,1,3,6,0
ENSMUSG00000100434,0,0,2,0,0,0,0,2,0,4,0,0,0,0,0,0
ENSMUSG00000100013,0,0,0,0,0,0,0,0,0,0,0,0,0,0,0,0
ENSMUSG00000101251,0,0,0,0,0,0,0,0,0,0,0,0,0,0,0,0
ENSMUSG00000101937,0,0,2,2,4,0,0,0,1,2,4,0,0,2,0,0
ENSMUSG00000026043,6,2,9,6,2,13,12,1,12,15,24,37,45,28,10,11
ENSMUSG00000105211,0,0,0,0,0,0,0,0,0,0,0,0,0,0,0,0
ENSMUSG00000026042,699,626,534,398,1074,1245,861,969,470,624,660,472,858,571,1328,875
ENSMUSG00000104476,12,8,8,8,22,14,4,14,4,4,8,16,4,12,4,5
ENSMUSG00000100218,2,0,0,0,0,0,0,0,0,0,0,0,2,2,2,0
ENSMUSG00000100361,2,2,0,2,6,0,0,5,2,2,2,6,0,0,2,0
ENSMUSG00000100894,1,2,2,0,1,3,1,0,2,0,1,2,0,0,0,2
ENSMUSG00000095121,0,0,0,0,0,0,0,0,0,0,0,0,0,0,0,0
ENSMUSG00000065255,0,0,0,0,0,0,0,0,0,0,0,0,0,0,0,0
ENSMUSG00000100843,0,0,0,0,0,0,0,0,0,0,0,0,0,0,0,0
ENSMUSG00000087764,0,0,0,0,0,0,0,0,0,0,0,0,0,0,0,0
ENSMUSG00000025995,16365,13057,13427,16854,20865,23572,17787,18076,22477,17389,24797,17982,24910,14515,16588,14573
ENSMUSG00000099850,0,2,5,4,4,0,6,5,2,0,10,2,0,0,4,0
ENSMUSG00000084817,21,29,30,31,26,54,51,35,53,30,68,32,50,29,52,34
ENSMUSG00000098549,0,2,0,3,0,5,3,0,2,0,1,2,0,2,0,2
ENSMUSG00000099381,0,0,0,2,0,0,0,0,4,6,18,22,4,9,15,9
ENSMUSG00000025993,122,50,65,74,295,258,232,215,1357,1125,2387,1734,1892,1946,4973,4841
ENSMUSG00000099946,0,0,0,2,0,0,0,0,0,0,0,0,0,0,0,0
ENSMUSG00000070896,2,0,0,0,0,0,8,7,4,0,0,3,2,2,2,4
ENSMUSG00000090682,0,0,0,0,0,0,0,0,0,0,0,0,0,0,0,0
ENSMUSG00000044457,0,0,0,0,0,0,0,0,0,0,0,0,0,0,0,0
ENSMUSG00000099432,0,0,0,0,0,0,0,0,0,0,2,0,1,0,0,2
ENSMUSG00000041144,35,24,44,31,243,235,101,85,83,106,89,91,89,179,302,366
ENSMUSG00000096047,0,0,0,0,0,0,0,0,0,0,0,0,0,0,0,0
ENSMUSG00000101262,15,16,14,7,21,22,16,10,16,10,16,37,10,0,3,0
ENSMUSG00000101337,59,79,154,91,265,109,181,83,128,122,109,56,58,58,45,36
ENSMUSG00000025986,9026,8433,5603,6940,15498,13447,10333,12505,15437,18731,14831,14241,15540,13921,11965,9237
ENSMUSG00000100213,35,32,27,36,55,34,51,52,72,85,61,87,40,112,146,95
ENSMUSG00000103129,0,0,0,2,0,3,2,8,6,18,17,18,8,8,2,0
ENSMUSG00000100160,0,0,0,0,11,16,9,5,22,22,16,22,11,5,10,6
ENSMUSG00000101921,0,0,0,0,0,0,0,0,0,0,0,0,0,0,0,0
ENSMUSG00000101447,8,7,24,5,21,5,26,8,11,1,16,8,1,0,0,0
ENSMUSG00000081185,2,0,2,6,2,2,4,2,8,0,0,0,0,0,0,0
ENSMUSG00000103246,0,0,0,0,0,0,0,0,0,0,0,0,0,0,0,0
ENSMUSG00000098876,0,0,0,0,0,0,0,0,0,0,0,0,0,0,0,0
ENSMUSG00000100530,0,0,0,0,0,0,0,0,0,0,0,0,0,0,0,0
ENSMUSG00000104067,0,0,0,0,0,0,0,0,0,0,0,0,0,0,0,0
ENSMUSG00000100033,40,21,36,26,43,32,35,29,32,27,22,13,12,2,8,8
ENSMUSG00000094968,0,4,2,5,4,6,3,0,2,1,0,0,0,1,1,2
ENSMUSG00000088017,0,0,0,0,0,0,0,0,0,0,0,0,0,0,0,0
ENSMUSG00000101996,3,0,0,0,0,0,0,0,0,0,0,4,0,0,0,0
ENSMUSG00000096973,5,0,2,1,1,0,2,0,2,0,0,4,3,0,0,0
ENSMUSG00000064943,1,1,6,2,2,3,0,4,2,2,3,0,1,3,0,2
ENSMUSG00000100866,0,0,0,0,0,0,0,0,0,0,0,0,0,0,0,0
ENSMUSG00000101721,0,0,0,0,0,0,0,0,0,0,0,0,0,0,0,0
ENSMUSG00000099376,0,0,0,0,0,0,0,0,0,0,0,0,0,0,0,1
ENSMUSG00000097883,2,2,0,2,4,2,4,2,2,9,0,10,8,2,4,2
ENSMUSG00000092790,0,0,0,0,0,0,0,0,0,0,0,0,0,0,0,0
ENSMUSG00000099698,0,0,0,0,0,0,0,0,0,0,0,0,0,0,0,0
ENSMUSG00000099454,0,0,0,0,0,0,0,0,0,0,0,0,2,0,0,0
ENSMUSG00000051616,0,0,0,0,0,0,0,0,2,0,0,0,0,0,0,0
ENSMUSG00000099627,0,0,0,0,0,0,0,0,0,0,0,0,0,0,0,0
ENSMUSG00000099577,0,0,0,0,0,0,0,0,0,0,0,0,0,0,0,0
ENSMUSG00000099882,0,0,0,0,0,0,0,0,0,0,0,0,0,0,2,0
ENSMUSG00000101760,2,0,1,2,8,2,2,1,0,0,0,0,0,0,2,2
ENSMUSG00000099608,6,0,1,0,0,0,0,0,0,0,0,0,2,0,0,0
ENSMUSG00000099864,1,0,0,0,0,0,0,0,0,0,0,0,0,0,0,0
ENSMUSG00000098249,0,0,0,0,0,0,0,0,0,0,0,0,0,0,0,0
ENSMUSG00000100451,8,0,0,0,0,0,0,0,0,0,0,0,0,0,0,0
ENSMUSG00000099941,0,0,0,0,0,0,0,0,0,0,0,0,0,0,0,0
ENSMUSG00000084531,0,0,0,0,0,0,0,0,0,0,0,0,0,0,0,0
ENSMUSG00000100816,4,16,28,22,10,17,14,41,197,161,137,171,42,43,21,12
ENSMUSG00000026109,14,32,28,23,17,14,14,5,33,16,33,26,47,46,156,118
ENSMUSG00000100671,0,0,2,0,0,0,2,0,0,2,4,3,0,0,0,0
ENSMUSG00000092906,0,0,0,0,0,0,0,0,0,1,0,0,0,1,0,1
ENSMUSG00000101242,0,0,0,0,0,0,0,0,3,0,0,1,0,0,2,0
ENSMUSG00000099924,0,0,0,0,0,0,0,0,0,0,0,4,0,2,10,0
ENSMUSG00000099625,0,1,0,0,0,0,0,0,0,0,0,0,2,0,2,0
ENSMUSG00000101799,0,0,0,2,0,0,0,0,0,1,0,0,0,4,0,0
ENSMUSG00000045954,3,0,4,8,0,2,2,0,0,0,0,0,6,0,2,2
ENSMUSG00000099741,0,0,0,0,0,0,0,0,0,0,0,0,0,0,0,0
ENSMUSG00000101702,0,0,4,0,0,4,0,0,0,0,0,2,0,0,2,2
ENSMUSG00000026107,3650,3702,8908,8381,4444,5009,2888,3403,3904,4050,3265,3143,3158,2991,2691,1954
ENSMUSG00000099413,40,25,54,53,34,11,41,13,43,11,26,10,13,5,2,4
ENSMUSG00000103424,0,2,0,0,0,2,2,0,0,3,0,0,0,8,0,2
ENSMUSG00000101741,5,27,11,13,9,20,16,23,10,26,6,13,1,9,0,0
ENSMUSG00000018417,13370,12973,12606,11968,14519,14688,9781,10049,6157,9387,5981,5108,6614,6056,7291,5863
ENSMUSG00000101724,10,38,28,15,14,18,2,14,2,8,14,14,9,8,15,0
ENSMUSG00000100313,40,67,51,58,60,45,26,46,9,31,28,33,7,14,49,20
ENSMUSG00000100696,0,0,0,0,2,0,0,0,0,2,0,0,0,2,1,0
ENSMUSG00000099135,0,0,0,0,0,0,0,0,0,0,0,0,0,0,0,0
ENSMUSG00000072324,218,96,147,100,132,128,137,82,162,102,96,98,186,122,124,90
ENSMUSG00000062939,442,364,382,357,541,314,673,797,522,414,179,127,242,158,289,257
ENSMUSG00000101628,1,2,1,0,1,0,2,0,0,1,1,0,0,0,2,7
ENSMUSG00000078291,4,2,4,0,0,8,2,4,4,10,1,4,4,2,3,0
ENSMUSG00000109599,7,15,5,5,15,2,16,10,4,8,10,5,16,19,26,31
ENSMUSG00000026104,878,699,510,652,583,525,583,518,333,354,151,131,118,144,205,204
ENSMUSG00000099569,9,9,4,6,6,6,18,6,6,0,6,4,0,4,1,2
ENSMUSG00000026103,7024,7322,8004,8191,5774,6990,3547,4182,4289,6625,4937,4537,5639,7905,10884,8989
ENSMUSG00000099648,2,0,2,0,0,0,0,0,0,0,0,0,0,0,0,0
ENSMUSG00000065192,0,0,0,0,0,0,0,0,0,0,0,0,0,0,0,0
ENSMUSG00000002881,1003,807,1575,1356,2879,3542,1369,1200,1039,1056,571,475,670,560,1521,973
ENSMUSG00000097833,8,8,45,27,167,124,97,32,40,18,8,0,6,8,7,8
ENSMUSG00000101501,0,2,0,0,0,0,0,0,0,2,4,0,0,0,0,2
ENSMUSG00000100120,0,0,1,0,0,0,0,0,0,0,0,0,0,0,0,0
ENSMUSG00000099878,2,0,2,0,0,0,0,0,0,6,0,2,0,0,0,0
ENSMUSG00000100007,4,1,5,6,6,6,4,2,8,0,12,0,5,0,3,2
ENSMUSG00000043015,1840,1746,685,792,948,781,1235,1204,990,1576,989,1030,1310,1692,2588,1934
ENSMUSG00000103630,5,59,20,6,12,9,2,6,4,15,8,6,0,12,2,18
ENSMUSG00000041439,339,222,245,195,420,602,195,164,128,185,133,82,244,318,1053,828
ENSMUSG00000100302,2,0,4,2,0,4,0,0,0,2,2,2,0,2,12,0
ENSMUSG00000100230,0,0,0,0,1,0,2,2,0,0,0,0,0,0,0,0
ENSMUSG00000026102,277,226,152,210,698,497,315,399,326,338,413,305,426,364,695,450
ENSMUSG00000041426,2200,1550,1205,1362,1406,1507,1541,1613,1642,1725,1240,876,1577,1617,2447,2090
ENSMUSG00000089802,2,9,10,0,4,1,1,2,4,8,2,0,2,12,4,4
ENSMUSG00000043629,7974,5019,5683,4720,7968,7213,5633,5261,5627,6342,4558,3653,2965,3944,4289,2881
ENSMUSG00000026100,0,0,0,0,0,0,0,0,0,0,0,0,0,1,0,0
ENSMUSG00000089334,0,0,0,0,0,0,0,0,0,0,0,0,0,0,0,0
ENSMUSG00000060715,19,35,20,42,72,62,49,73,133,69,129,80,83,144,14,28
ENSMUSG00000026098,2620,2148,1567,2285,2669,2786,2307,2587,2461,2748,2354,1967,3318,2436,3131,2585
ENSMUSG00000100763,4,17,7,9,16,13,12,6,10,4,1,13,5,11,10,13
ENSMUSG00000026097,1388,718,722,1260,1234,1710,888,1054,1218,973,914,604,1309,780,1185,805
ENSMUSG00000100679,0,0,0,0,0,0,0,0,0,0,0,0,0,0,0,0
ENSMUSG00000026096,746,668,584,522,623,648,450,400,608,710,577,463,1019,818,1061,811
ENSMUSG00000099913,0,6,0,0,2,1,0,0,0,0,0,2,0,0,6,12
ENSMUSG00000101838,2,5,5,2,1,0,2,3,1,3,1,2,1,1,2,2
ENSMUSG00000026095,1360,981,848,930,1052,1258,862,894,1322,1066,1113,817,1450,1034,1663,1198
ENSMUSG00000117809,0,0,0,0,0,0,0,0,0,0,0,0,0,0,0,0
ENSMUSG00000100267,0,0,0,0,0,0,0,0,0,0,0,0,0,0,0,0
ENSMUSG00000099450,0,0,0,2,0,0,0,0,0,0,0,0,0,0,0,0
ENSMUSG00000100069,0,0,0,0,0,0,0,0,0,0,0,0,0,0,0,0
ENSMUSG00000096141,62,78,48,78,78,86,167,224,208,213,231,144,174,209,136,178
ENSMUSG00000092657,0,0,0,0,0,0,0,0,0,0,0,0,0,0,0,0
ENSMUSG00000026094,1869,1625,2409,2980,3224,3819,2371,2694,3273,3600,2715,2012,3588,2980,6579,4478
ENSMUSG00000102405,2,0,0,0,0,0,0,0,0,0,0,0,0,0,1,0
ENSMUSG00000042807,154,162,158,198,1107,871,1188,1218,1336,1158,479,333,607,498,1035,905
ENSMUSG00000098443,0,0,1,0,3,0,0,0,0,4,0,0,0,0,3,2
ENSMUSG00000087949,0,0,0,0,0,0,1,0,0,0,0,0,0,0,0,0
ENSMUSG00000102868,0,0,2,2,0,0,4,4,0,2,2,10,4,10,16,2
ENSMUSG00000094013,2,0,0,2,0,0,0,0,2,0,0,2,0,2,0,2
ENSMUSG00000025983,32,89,61,34,80,112,46,30,14,24,43,37,36,55,140,161
ENSMUSG00000041303,10022,7580,7055,8368,10507,10740,9503,8847,10156,10837,9559,7165,8719,6195,9779,7453
ENSMUSG00000109809,1,0,0,0,0,0,1,2,0,3,7,2,0,1,1,1
ENSMUSG00000073678,8026,5309,6731,4861,7633,7011,6147,5611,8081,11788,11048,8287,7700,7355,6858,5767
ENSMUSG00000104136,18,41,26,22,41,43,60,31,38,73,84,72,20,36,34,31
ENSMUSG00000101130,2,0,0,0,0,0,0,0,0,0,0,0,0,0,0,0
ENSMUSG00000052331,88,139,197,363,329,293,113,114,159,134,83,76,116,87,239,197
ENSMUSG00000101674,1,0,4,2,3,0,8,0,0,1,0,0,1,11,11,2
ENSMUSG00000102503,0,2,2,2,0,0,0,2,0,2,2,0,0,4,0,4
ENSMUSG00000089245,0,0,0,0,0,0,2,1,0,0,0,0,0,0,0,0
ENSMUSG00000102642,0,5,4,12,2,0,6,2,0,2,0,2,0,0,4,1
ENSMUSG00000025982,52895,56306,56211,62223,62760,66562,53553,55126,45757,52724,57279,42405,46761,43265,44263,36524
ENSMUSG00000103030,4,8,40,24,18,16,2,2,10,12,12,0,10,14,12,26
ENSMUSG00000025981,1602,987,2215,2556,1404,2020,1094,1113,1881,1289,1431,1096,1542,1091,728,560
ENSMUSG00000101122,25,37,163,119,37,46,57,30,36,55,46,27,13,25,21,37
ENSMUSG00000025980,60721,50743,46215,60129,77126,74333,77971,75549,95225,72637,109706,74971,87457,40392,44359,31342
ENSMUSG00000073676,21468,14359,13019,17693,17092,19798,16048,17422,23970,16433,23498,15701,26249,17198,17393,14670
ENSMUSG00000100736,10,2,22,13,26,18,6,14,4,14,0,4,8,2,2,0
ENSMUSG00000089670,9,21,16,22,28,19,28,17,20,15,13,17,11,10,1,4
ENSMUSG00000025979,4651,3334,3493,4481,4808,6282,4530,4453,5961,4472,3523,2620,4211,3787,5871,4317
ENSMUSG00000061863,7,2,1,4,7,12,5,3,6,4,1,8,3,6,0,3
ENSMUSG00000025978,322,224,148,92,66,82,50,41,26,22,4,22,7,16,28,32
ENSMUSG00000097649,22,19,9,7,6,10,4,3,4,6,2,8,13,7,3,8
ENSMUSG00000046994,3839,2803,2866,3345,3215,3467,2850,2299,2453,2421,2146,1472,2243,2026,1965,1875
ENSMUSG00000025977,119,199,179,168,267,221,115,158,245,286,308,218,525,546,298,326
ENSMUSG00000100215,69,49,39,51,35,37,41,19,43,33,19,18,12,19,9,14
ENSMUSG00000101945,0,0,0,2,2,0,0,0,0,0,0,0,0,0,0,0
ENSMUSG00000101085,0,8,8,14,8,1,1,4,13,6,4,7,10,6,2,0
ENSMUSG00000038349,8,19,18,14,14,26,34,14,24,13,20,12,6,6,16,12
ENSMUSG00000102145,0,0,0,0,2,3,3,0,0,3,2,2,0,3,6,1
ENSMUSG00000100309,0,0,0,0,0,0,0,0,0,0,0,0,0,0,0,0
ENSMUSG00000102831,0,0,0,2,0,0,0,0,0,0,0,0,0,0,2,0
ENSMUSG00000099950,6,9,23,14,38,2,29,15,27,5,7,5,2,0,1,0
ENSMUSG00000102491,0,0,0,0,0,0,0,2,0,0,0,0,0,0,0,1
ENSMUSG00000100372,0,0,0,0,0,0,0,0,0,0,0,0,0,1,0,0
ENSMUSG00000100944,0,0,0,0,0,0,0,0,0,0,0,0,0,0,0,0
ENSMUSG00000101332,0,0,0,0,0,0,0,0,0,0,0,0,0,2,0,0
ENSMUSG00000045336,4,0,2,0,0,0,0,0,0,0,2,0,0,0,0,0
ENSMUSG00000038331,714,465,336,298,551,642,330,342,312,296,142,185,155,117,85,42
ENSMUSG00000087022,42,26,53,27,28,30,26,20,24,21,20,18,20,20,2,4
ENSMUSG00000104310,0,2,2,1,0,0,0,0,2,1,0,2,0,4,2,0
ENSMUSG00000094128,0,1,6,2,1,0,0,0,1,0,1,0,2,0,0,1
ENSMUSG00000099945,0,0,0,0,0,0,0,0,0,0,0,0,0,0,0,0
ENSMUSG00000101429,0,6,0,0,2,1,0,4,0,0,0,0,0,0,0,0
ENSMUSG00000101129,14,4,2,2,5,2,15,0,11,4,12,12,22,8,10,4
ENSMUSG00000097519,185,190,62,97,148,198,194,249,245,271,167,141,176,261,206,116
ENSMUSG00000038323,2246,1147,633,869,1138,1284,841,885,831,964,503,391,537,508,590,454
ENSMUSG00000048495,982,887,896,1134,1340,1395,1030,1231,1320,862,1235,868,1106,707,1077,837
ENSMUSG00000025971,1720,1104,1641,1787,1707,1982,1407,1262,1917,1179,1442,1009,1553,923,1441,1131
ENSMUSG00000077776,0,0,0,0,0,0,0,0,0,0,0,0,0,0,0,1
ENSMUSG00000088353,0,2,0,0,0,0,0,0,0,0,0,0,0,0,0,0
ENSMUSG00000101826,7,6,19,8,14,10,0,0,0,0,0,0,0,0,0,0
ENSMUSG00000102685,1,0,15,8,4,14,0,0,0,0,1,2,0,0,0,0
ENSMUSG00000101151,0,0,0,0,0,0,0,0,0,0,0,0,0,0,0,0
ENSMUSG00000038305,1555,1420,1336,1025,1065,1023,519,428,343,240,421,357,602,501,753,1481
ENSMUSG00000091283,0,6,1,2,2,0,1,2,0,1,0,0,0,1,2,8
ENSMUSG00000054770,1313,1681,1301,1331,1808,1928,1543,1374,1123,1273,1061,1007,1246,1146,1672,2086
ENSMUSG00000026039,5808,5807,4439,4582,5417,5908,4520,4706,4325,5480,3041,2608,2826,2486,3686,2582
ENSMUSG00000063558,245,417,155,138,146,163,386,324,183,320,61,73,80,77,142,140
ENSMUSG00000064294,2037,2078,2703,1332,2089,1504,1694,1344,944,790,199,122,18,29,0,7
ENSMUSG00000089275,0,0,0,0,0,0,0,0,0,0,0,0,0,0,0,0
ENSMUSG00000038242,30,36,49,43,53,43,115,86,222,156,140,130,179,130,46,31
ENSMUSG00000089822,0,0,0,0,0,0,4,2,2,6,2,4,4,4,0,0
ENSMUSG00000079554,10,4,7,6,6,16,8,6,8,8,4,4,5,10,0,2
ENSMUSG00000103839,52,105,51,32,65,61,44,68,58,77,54,56,35,17,40,40
ENSMUSG00000051223,42587,30881,37307,49311,48031,55704,38296,40221,50863,35872,52169,36480,46131,24470,32878,23140
ENSMUSG00000026034,9398,10706,12392,13050,10522,11633,9835,9834,7346,9396,8285,6158,7690,6617,7786,7574
ENSMUSG00000026035,2121,1562,1477,1837,2168,2270,2122,2166,2583,2060,2572,1686,3500,2093,2371,1912
ENSMUSG00000026036,4859,3313,3153,3862,4864,5096,4479,4553,5977,4566,6364,4621,8525,3558,3889,3095
ENSMUSG00000026037,9790,7233,7681,10122,12340,13123,11382,12157,18375,12599,15801,11541,15244,12679,9372,8620
ENSMUSG00000094245,3,7,18,12,11,4,10,3,8,2,5,7,5,6,3,3
ENSMUSG00000085054,55,151,51,85,47,94,95,80,135,205,117,78,27,51,58,56
ENSMUSG00000038174,2659,2851,3489,3415,3514,3291,2680,2599,2376,3361,2348,1803,1765,1943,1998,1631
ENSMUSG00000026032,3225,1923,2021,2180,2287,2803,2342,2233,3199,2569,2192,1614,2783,1890,2684,2232
ENSMUSG00000100202,0,0,1,0,0,0,0,0,0,0,0,0,0,0,0,0
ENSMUSG00000099490,0,0,0,0,0,0,0,0,0,0,0,0,0,0,0,0
ENSMUSG00000059647,19,13,11,9,9,6,9,10,18,14,8,10,15,17,13,10
ENSMUSG00000047528,16,24,12,14,33,46,22,14,27,13,6,8,2,0,2,2
ENSMUSG00000102059,3,0,3,0,4,9,2,0,0,0,0,2,0,0,0,0
ENSMUSG00000101046,0,0,0,0,0,0,0,0,0,0,0,0,0,0,0,0
ENSMUSG00000026031,771,554,498,388,526,450,431,455,384,733,439,409,505,561,1166,851
ENSMUSG00000100236,0,0,0,0,0,0,0,2,0,0,0,0,0,0,0,0
ENSMUSG00000026029,562,633,874,721,896,803,468,400,495,372,168,104,155,82,223,91
ENSMUSG00000102719,2,37,32,40,62,40,82,62,55,24,52,66,26,48,6,20
ENSMUSG00000099719,0,1,3,3,5,1,8,2,1,1,0,1,0,0,0,0
ENSMUSG00000026028,5101,4947,5251,5617,5822,5526,5050,4553,4808,4581,3432,2707,3716,2522,3200,2453
ENSMUSG00000026027,743,596,466,489,683,624,412,547,435,432,239,211,314,307,852,567
ENSMUSG00000072295,56,184,69,76,113,125,122,77,178,111,202,88,49,76,5,2
ENSMUSG00000047383,0,0,1,0,2,0,0,0,0,0,0,0,0,0,0,0
ENSMUSG00000099752,0,1,0,0,1,0,1,0,0,2,1,0,0,1,2,0
ENSMUSG00000077616,0,0,0,2,0,0,0,0,3,0,0,0,0,0,0,0
ENSMUSG00000038079,1342,845,664,774,865,809,939,837,1124,949,1062,816,2172,1585,2645,1852
ENSMUSG00000097573,25,1,17,24,23,19,4,7,7,13,19,22,46,30,64,60
ENSMUSG00000079550,6,39,35,33,9,31,25,1,22,14,51,39,39,32,26,29
ENSMUSG00000101586,52,75,72,106,65,67,48,41,57,54,40,44,30,48,46,32
ENSMUSG00000099563,2,24,2,2,0,4,0,8,0,8,3,0,0,0,0,0
ENSMUSG00000026024,8546,9481,7833,9242,10719,11689,10216,9894,11480,10466,10371,8226,7515,5915,6439,4497
ENSMUSG00000026023,6,13,17,9,8,7,2,4,12,9,14,5,12,5,5,7
ENSMUSG00000099922,6,8,2,2,8,6,16,14,23,40,7,9,0,2,2,0
ENSMUSG00000104502,12,2,10,9,79,77,139,147,334,508,282,269,51,113,33,32
ENSMUSG00000041075,5619,3051,1094,1557,5895,7092,6416,6148,12349,11470,12539,11211,13478,10280,17725,11824
ENSMUSG00000097819,66,26,26,28,87,160,77,101,90,183,115,168,138,181,249,229
ENSMUSG00000047361,145,184,127,125,98,80,133,139,346,382,375,357,206,295,60,58
ENSMUSG00000099811,0,0,1,0,0,0,1,0,0,0,0,0,0,2,0,0
ENSMUSG00000101409,0,0,0,0,0,0,0,0,0,0,0,0,0,0,0,0
ENSMUSG00000026021,9929,7333,8741,11810,11249,13792,10270,12009,13853,10327,10302,7688,11736,8408,8610,7172
ENSMUSG00000089276,0,1,1,0,0,0,0,0,0,0,1,2,0,0,1,0
ENSMUSG00000103821,60,96,130,145,121,116,78,84,54,126,91,109,25,63,74,43
ENSMUSG00000101400,1,4,2,4,4,2,0,3,1,12,9,3,8,16,12,14
ENSMUSG00000026020,31060,24105,32168,34079,43372,48160,39250,40050,41940,31446,38811,25532,38965,34891,27755,28505
ENSMUSG00000077345,16,21,17,31,23,37,22,19,11,49,36,24,15,30,64,22
ENSMUSG00000077358,0,0,0,0,0,0,0,0,0,0,0,0,0,0,0,0
ENSMUSG00000089512,8,57,59,66,37,42,35,35,30,41,20,22,11,38,32,21
ENSMUSG00000089093,25,27,33,47,28,45,41,47,34,35,31,31,21,35,30,29
ENSMUSG00000067336,2641,3008,2329,2413,2473,2614,1838,1956,1682,3535,1945,2403,2451,2732,3267,2941
ENSMUSG00000104052,1,5,12,14,12,8,6,6,2,12,10,18,4,12,26,14
ENSMUSG00000103131,0,2,0,2,0,2,2,0,0,1,0,0,0,0,0,0
ENSMUSG00000041040,4414,3113,2290,2627,3386,3077,3070,2483,3944,3344,2444,2456,2764,1624,3163,1620
ENSMUSG00000103696,16,52,50,60,31,34,49,51,20,90,23,73,10,22,38,21
ENSMUSG00000100901,18,16,9,25,20,16,6,21,8,17,21,6,4,9,16,10
ENSMUSG00000026018,64,162,83,105,130,102,129,122,126,70,61,54,34,46,71,64
ENSMUSG00000026019,9729,7688,6322,7790,9535,11154,9767,9993,12365,9129,13746,9430,18236,10090,9441,8031
ENSMUSG00000026017,1071,930,615,659,612,475,499,456,463,735,430,413,628,730,1370,955
ENSMUSG00000082609,5,11,11,15,6,13,9,8,4,7,6,4,2,6,11,16
ENSMUSG00000073664,9580,9344,7208,6585,7287,7064,5853,5969,4398,8578,5587,5085,4816,8582,9028,7712
ENSMUSG00000100516,0,0,0,0,0,0,0,0,0,0,0,0,0,0,0,0
ENSMUSG00000049439,4150,2506,2449,2751,2643,2825,2111,2003,3169,2453,3185,2262,4582,3086,2891,2328
ENSMUSG00000103822,21,10,10,13,12,15,10,12,10,17,11,27,10,28,34,9
ENSMUSG00000026782,6618,4919,4462,4905,6259,7024,6204,6381,8246,7285,10648,8049,11563,9026,10005,7641
ENSMUSG00000026014,5928,4715,2860,3286,2189,2979,3128,3140,4050,4798,2565,3715,3005,2750,3429,2878
ENSMUSG00000081562,7,15,8,12,12,17,13,10,10,11,9,5,5,15,11,9
ENSMUSG00000084400,2,6,2,1,0,0,3,2,1,3,2,4,5,4,0,0
ENSMUSG00000082160,2,4,2,0,8,2,4,16,2,4,0,0,2,2,2,0
ENSMUSG00000103215,0,0,0,0,0,0,0,0,2,0,0,0,0,0,0,0
ENSMUSG00000088973,0,0,0,0,0,0,0,0,0,0,0,0,0,0,0,0
ENSMUSG00000084151,0,0,0,0,0,0,0,0,0,0,2,0,0,3,0,0
ENSMUSG00000101188,1129,975,1096,1092,1298,1338,1120,1075,1494,1082,1049,878,1378,846,871,764
ENSMUSG00000026012,0,0,2,3,0,8,6,0,4,7,6,0,0,0,0,0
ENSMUSG00000086795,2,6,17,15,7,2,9,9,44,29,13,12,1,0,2,0
ENSMUSG00000085965,1,2,0,7,0,2,0,10,8,1,0,9,0,0,0,0
ENSMUSG00000104069,0,2,0,3,0,0,1,3,2,10,0,0,0,0,0,0
ENSMUSG00000083118,0,0,0,0,0,0,0,0,0,0,0,0,0,0,0,0
ENSMUSG00000083355,0,5,4,2,1,5,0,2,0,5,8,2,2,6,0,0
ENSMUSG00000102549,0,4,0,2,2,0,2,1,8,2,4,2,2,0,0,0
ENSMUSG00000026011,0,2,0,1,0,0,0,0,0,0,0,0,0,0,0,0
ENSMUSG00000081382,76,54,42,32,47,77,55,30,28,32,51,46,80,80,56,60
ENSMUSG00000080800,0,0,0,0,0,1,0,0,1,0,0,0,0,0,0,0
ENSMUSG00000026009,0,0,0,0,0,0,0,2,4,0,13,10,20,0,0,0
ENSMUSG00000102561,0,0,0,0,0,0,0,0,0,0,2,2,0,0,0,2
ENSMUSG00000082804,2,2,3,0,0,2,4,2,2,0,0,0,0,2,4,0
ENSMUSG00000082661,0,0,0,0,0,0,0,0,0,0,2,0,0,0,0,0
ENSMUSG00000080785,0,0,0,0,0,2,0,0,0,0,2,0,0,0,0,0
ENSMUSG00000100893,0,0,0,0,0,0,0,0,0,0,0,0,0,0,0,0
ENSMUSG00000085248,0,0,0,2,0,0,0,0,0,0,0,0,0,0,0,0
ENSMUSG00000085447,2,1,0,0,0,1,0,0,0,0,0,0,0,1,0,6
ENSMUSG00000086408,3,0,0,2,2,0,0,0,0,0,9,3,3,3,2,14
ENSMUSG00000089546,0,0,0,0,0,0,0,0,0,0,0,0,0,0,0,0
ENSMUSG00000100965,0,0,1,0,0,0,0,0,1,0,6,8,1,0,1,0
ENSMUSG00000102168,0,0,1,0,0,0,0,0,0,0,0,0,0,0,0,0
ENSMUSG00000100381,0,0,0,0,0,0,0,0,0,0,0,0,0,0,0,0
ENSMUSG00000086009,0,0,0,0,0,0,0,0,0,0,0,0,0,0,2,0
ENSMUSG00000052062,79,173,117,82,72,64,54,64,40,77,23,29,88,79,230,252
ENSMUSG00000103656,0,10,4,4,4,14,0,2,2,6,0,3,0,14,10,15
ENSMUSG00000104402,0,2,2,4,4,8,8,4,0,8,8,4,4,16,2,6
ENSMUSG00000104081,0,4,0,0,0,2,0,3,0,1,0,4,2,4,6,0
ENSMUSG00000085842,0,8,2,2,2,4,1,1,3,0,1,7,0,8,7,5
ENSMUSG00000103002,0,0,0,4,4,6,0,0,0,0,2,2,0,2,2,4
ENSMUSG00000100344,0,0,0,3,1,0,0,0,0,0,0,0,0,0,0,0
ENSMUSG00000101509,0,0,2,0,2,0,0,0,0,0,0,0,0,0,0,2
ENSMUSG00000085019,0,2,0,5,0,0,0,0,0,0,2,1,0,0,0,2
ENSMUSG00000102359,4,0,2,4,0,0,0,0,0,2,0,0,0,1,1,4
ENSMUSG00000085400,0,0,0,2,0,0,2,0,0,0,0,0,0,0,0,0
ENSMUSG00000100750,2,0,3,8,8,2,7,4,0,2,2,0,0,0,2,0
ENSMUSG00000081950,3,0,2,0,0,1,1,0,0,0,0,0,0,0,0,0
ENSMUSG00000084333,12,12,8,8,8,6,12,4,2,4,4,12,12,18,11,10
ENSMUSG00000025969,2336,2079,3206,3040,14799,24488,5895,6609,878,1447,132,137,202,156,138,131
ENSMUSG00000100811,0,0,16,6,4,0,0,0,0,0,0,0,0,0,0,2
ENSMUSG00000103032,4,32,69,58,39,96,22,50,0,20,0,0,0,0,2,0
ENSMUSG00000100426,0,0,6,5,11,11,1,2,1,0,0,0,0,0,0,0
ENSMUSG00000040865,8703,9642,8216,9392,9165,10845,7133,7918,5031,6992,4905,5722,5514,4489,6645,4912
