GeneID,S1,S2,NA,NA.1,NA.2,NA.3,NA.4,NA.5
ENSMUSG00000102693,1,0,0,0,0,0,0,0
ENSMUSG00000064842,0,0,0,0,0,0,0,0
ENSMUSG00000051951,5,7,11,1,13.5,42,103,480.5
ENSMUSG00000102851,0,0,0,0,0,0.5,0,2
ENSMUSG00000103377,0,1,1,1,0,7,9,32
ENSMUSG00000104017,0,0,0,1,1,1,1,7.5
ENSMUSG00000103025,0,1,0,0,0,1.5,1.5,13.5
ENSMUSG00000089699,0,0,0,0,0,0,0,0
ENSMUSG00000103201,0,0,0,0,0,1.5,4,26
ENSMUSG00000103147,0,0.5,1,0,1,1.5,1,10.5
ENSMUSG00000103161,0,2,0,0,0,9,1,38.5
ENSMUSG00000102331,0,4.5,0,0,1,25,18,102
ENSMUSG00000102348,0,0,0,0,0,0,0,0
ENSMUSG00000102592,0,0,0,0,0,0,0,0
ENSMUSG00000088333,0,0,0,0,0,0,0,0
ENSMUSG00000102343,12,11.5,30.5,9,12.5,3,3,2.5
ENSMUSG00000025900,0,2.5,2.5,1,2,0.5,4,3.5
ENSMUSG00000102948,0,0,0,0,1,0,0,0
ENSMUSG00000104123,0,0,0,0,0,0,0.5,0
ENSMUSG00000025902,66,81,41,20,18,12,20,11
ENSMUSG00000104238,0,0,0,0.5,0,1,0,0
ENSMUSG00000102269,18,10,7,5,3,0,4,1
ENSMUSG00000096126,3,0,0,1,1,1,1,1
ENSMUSG00000103003,0,0,0,0,0,0,0,0
ENSMUSG00000104328,0,0,0.5,0,0,0,0,1
ENSMUSG00000102735,0,1,0,0,0,0,0,0
ENSMUSG00000098104,54,36,46,43,55,30,58,53.5
ENSMUSG00000102175,4.5,3,1,2,4,0,1,0
ENSMUSG00000088000,0,0.5,0,0,0,0,0,0.5
ENSMUSG00000103265,7.5,2.5,0.5,2,0,1,0,2
ENSMUSG00000103922,281.5,272.5,354.5,323.5,302.5,223.5,201.5,169
ENSMUSG00000033845,12170,9254,13318.5,14607.5,16667,13174.5,15345.5,10596.5
ENSMUSG00000102275,90.5,92.5,131.5,115,122,117.5,85,78
ENSMUSG00000025903,4325.5,4162.5,4982,4879.5,5551,3259.5,2802.5,2540
ENSMUSG00000104217,0,0,0,0,0,0,0,0
ENSMUSG00000033813,6199,5610,7638,6479.5,8020,5825.5,5595.5,5181.5
ENSMUSG00000062588,3.5,21.5,19.5,14.5,16,9.5,11,14.5
ENSMUSG00000103280,27.5,13,16.5,20,23.5,14.5,9.5,9
ENSMUSG00000002459,20.5,13,39.5,36.5,119,81,49,92.5
ENSMUSG00000091305,0,0,0,1,0,0,0,0
ENSMUSG00000102653,2,0,0,2,4,1,0,0
ENSMUSG00000085623,1.5,11,76.5,92.5,78,47,5.5,22.5
ENSMUSG00000091665,0,0,0,3.5,4,0.5,1,0
ENSMUSG00000033793,9156,8434.5,8075.5,5972,8329,6787.5,5411.5,4620
ENSMUSG00000104352,0,0,0,0,1,1,0,0
ENSMUSG00000104046,11.5,7,8,6,7,5,1,0
ENSMUSG00000102907,0,0,0,3,0.5,1,0,0
ENSMUSG00000025905,7.5,7,17,14.5,30,19,63,106
ENSMUSG00000103936,0,0,0,0,0,0,1,0
ENSMUSG00000093015,0,0,0,0,0,0,0,0
ENSMUSG00000103519,0,0,1,0,0,0,0,0
ENSMUSG00000033774,0,7,3,1,0,0,2,0
ENSMUSG00000103090,0,0,1,0,0,0,0.5,0
ENSMUSG00000025907,5023,6476.5,7398,4873,5336.5,4236.5,3569.5,4999.5
ENSMUSG00000090031,81,165,137,95.5,111,72.5,73,194
ENSMUSG00000087247,0,5,1,3,0,0,2,4
ENSMUSG00000103355,0,2.5,1,0,0,0,0,0
ENSMUSG00000102706,0,0,0,0,0,0,0,0
ENSMUSG00000103845,21,80,51.5,38,14,8,0,9
ENSMUSG00000033740,10,8,3,10,9.5,3.5,3,2
ENSMUSG00000103329,3,0,0,0,0,0,0,1
ENSMUSG00000104385,2,1,0,0,4,5,2.5,0
ENSMUSG00000102135,20.5,16.5,15.5,19,18,22.5,18.5,18
ENSMUSG00000103282,0,0,0,0,0,0,1,0
ENSMUSG00000102534,0,0,1.5,0,2.5,0.5,1.5,0
ENSMUSG00000102213,0,0.5,3.5,5,1,0,0,0
ENSMUSG00000103629,3,0,3,5.5,3,2.5,1.5,0
ENSMUSG00000051285,8951.5,7310.5,6019.5,6456,6174,4128.5,5547,7482
ENSMUSG00000098201,22.5,29.5,29,25,26,13.5,20,14.5
ENSMUSG00000103509,1240.5,830.5,1445.5,1010.5,780,546.5,609,1147.5
ENSMUSG00000048538,23.5,6,5.5,3,2,6,6,4.5
ENSMUSG00000103709,0,0,0.5,0,0,0,1,0
ENSMUSG00000077244,0,0,0,0,0,0,0,0
ENSMUSG00000102768,0,0,0,0,0,3,0.5,0
ENSMUSG00000097797,120,131.5,140,95.5,86.5,117,90,68
ENSMUSG00000103498,0,0.5,0,0,0,0,0,0
ENSMUSG00000103067,124,182.5,331,112.5,30.5,3,2.5,2
ENSMUSG00000102320,7,0,0,6.5,0,0,0,0
ENSMUSG00000104226,31,13,6.5,9.5,0,0.5,2,0
ENSMUSG00000103903,2.5,1,0,1,0,0.5,1,0.5
ENSMUSG00000103557,0,1,0,1,3,0,1,0
ENSMUSG00000025909,89.5,131,181.5,172.5,157.5,78,20,22.5
ENSMUSG00000102647,0,0,0.5,1,0,1,0,2
ENSMUSG00000086235,1,0.5,0.5,1,0,1.5,2,0
ENSMUSG00000102253,1,0,7,3,0,1,0,0
ENSMUSG00000093970,0,0,0,0,0,0,0,0
ENSMUSG00000103884,0,0,0,0,0,0,0,0
ENSMUSG00000084353,10,15,12,12.5,26,18.5,9,11
ENSMUSG00000103933,6.5,2,3,1.5,4.5,4.5,6.5,4
ENSMUSG00000076135,1.5,0,0,0,1,1.5,1.5,0.5
ENSMUSG00000086195,0,0,0,0,1,0,0,0
ENSMUSG00000104504,0,0,0,0,0,0,0,1
ENSMUSG00000066693,0.5,0,0,0.5,0.5,1,0,0.5
ENSMUSG00000102316,0,0,0,0,0,0,0,1.5
ENSMUSG00000103819,1,0,0,0,0,0,0,0
ENSMUSG00000102871,0,1,3,0,0,0,0,0
ENSMUSG00000101571,0,0,0,1,4,2,1,0
ENSMUSG00000104428,0,0,0,0,0,0,0,0
ENSMUSG00000102272,0,0,0,0,1.5,0,0,0
ENSMUSG00000065625,0,0,0,0,0,0,0,0
ENSMUSG00000103411,0,0,0,0,1,0,1.5,0
ENSMUSG00000061024,5971.5,6164,6682,5395,5706,5143,5812,4085
ENSMUSG00000025911,593.5,271.5,246.5,191,168.5,66,109,182.5
ENSMUSG00000079671,28.5,9,10,15,14.5,22.5,7.5,5
ENSMUSG00000081441,2,0,0,0.5,0,1,0.5,0
ENSMUSG00000067879,3.5,4,7,2,4.5,8.5,5,1
ENSMUSG00000099827,0,2,0,0,4,1.5,0.5,0
ENSMUSG00000025912,2938.5,2926.5,2779,2593,2203,1181.5,1138.5,1490.5
ENSMUSG00000045210,5717.5,5826.5,5530,3961.5,3949,3361.5,3125.5,3454
ENSMUSG00000097893,15.5,21,15,21.5,19,9.5,12.5,11.5
ENSMUSG00000025915,2610.5,1874.5,1432,1814.5,1976,970,798,710.5
ENSMUSG00000046334,3,4,4,6.5,2.5,0.5,5.5,2
ENSMUSG00000088916,1,0,0,0,0,0,0,0
ENSMUSG00000046101,319.5,415.5,284,324,339.5,297.5,256.5,333
ENSMUSG00000098234,3781,2739,2889,2308.5,2310,2062.5,1817,1951
ENSMUSG00000093178,123,114,110,101.5,120.5,88.5,71.5,81
ENSMUSG00000099032,622.5,392,419.5,188,192,105,138,138
ENSMUSG00000104025,0,1,0,0,2,2,2,2
ENSMUSG00000025916,3,6.5,0.5,1,4,5.5,3,2.5
ENSMUSG00000087199,0,0,1,0,0,2,0,0
ENSMUSG00000095780,0,0,0,0,0,0,0,0
ENSMUSG00000025917,8545.5,7520.5,9251,7154.5,7813.5,7112,7902.5,6540
ENSMUSG00000056763,5932,5358.5,4234.5,3599,3461.5,3216.5,3388.5,4043.5
ENSMUSG00000102356,11.5,9,7.5,3,5,10.5,2,6
ENSMUSG00000067851,8571,5641.5,9441.5,6044.5,7380.5,4482.5,5100.5,7955
ENSMUSG00000088153,6.5,7.5,8.5,9,7,5.5,3.5,8
ENSMUSG00000102556,51.5,69.5,39.5,37.5,20.5,15,14,47.5
ENSMUSG00000042501,6,2.5,2.5,2,3,2.5,3.5,3
ENSMUSG00000103810,10.5,5,1,1,4,0,2,1.5
ENSMUSG00000083422,3,6,5.5,7.5,4.5,4,2.5,1
ENSMUSG00000094979,0,0,0,0,0,0,0,0
ENSMUSG00000081417,0,6,2,2,2,1,1,0
ENSMUSG00000103448,1.5,0,0.5,0,0,0,0,0.5
ENSMUSG00000100212,0,0,8.5,18,0.5,4.5,0.5,0
ENSMUSG00000100648,1,5,7,0,2,2,6.5,5
ENSMUSG00000088585,0,0,0,0,0,0,0,0
ENSMUSG00000048960,6615,7977.5,11208,8853.5,5104,3457,2515,1978
ENSMUSG00000077318,3,13,4,4,0.5,2.5,3.5,0
ENSMUSG00000101827,12.5,4.5,0.5,7,0.5,3,8,1
ENSMUSG00000103494,5,6,0.5,0,3,0,1,1
ENSMUSG00000057715,1073,863,544.5,477,626.5,389,684,791
ENSMUSG00000103825,60.5,39.5,51,30.5,39.5,47,37.5,77.5
ENSMUSG00000099845,3,1.5,1.5,0,0,2,1,2
ENSMUSG00000103561,20,12,5,12,5,10.5,2,4
ENSMUSG00000101610,0,3,1.5,0,0,0,0,0
ENSMUSG00000093864,1,0,0,1,1,0,0,0
ENSMUSG00000098555,0,0,0,0,0,0,0,0
ENSMUSG00000097628,19,6.5,13,13.5,23.5,16.5,14,12.5
ENSMUSG00000098163,0,1,1,0,5,2.5,0,0.5
ENSMUSG00000097171,3,6,0,0,1,1.5,0.5,1
ENSMUSG00000101314,0,0.5,0,0,0,1,0,0
ENSMUSG00000016918,6323,3908.5,5687.5,8453,12924.5,13679.5,10255,7557
ENSMUSG00000025938,898,599.5,2095,781.5,804.5,986,763.5,591.5
ENSMUSG00000104518,2,7,3.5,4.5,1.5,0.5,0.5,0
ENSMUSG00000069620,12,11,23.5,26,21,5.5,1,3
ENSMUSG00000099498,18.5,10,10.5,14,7.5,1,0.5,0
ENSMUSG00000042414,6550.5,3121.5,3024.5,2024.5,604,27.5,12,1.5
ENSMUSG00000005886,6545.5,4769.5,8340.5,4983.5,4929.5,3649.5,3844.5,4881
ENSMUSG00000103506,43,34,74,39,39,29.5,25,51
ENSMUSG00000103495,31,21,25,20,5.5,9.5,16,30.5
ENSMUSG00000099183,1.5,1,2,1,0.5,0.5,0.5,0
ENSMUSG00000102639,4,4,5,3.5,0,3.5,5,3.5
ENSMUSG00000104170,10,10,11,11.5,4,6,4.5,13
ENSMUSG00000087782,0,0.5,0.5,0.5,0,0.5,1.5,1.5
ENSMUSG00000103085,44.5,52.5,46,39,41.5,38,22.5,57.5
ENSMUSG00000102664,22.5,47.5,20.5,21,13.5,23,14.5,32
ENSMUSG00000101476,1.5,2,3.5,1.5,0,0,0.5,4.5
ENSMUSG00000101171,0,0,0,0,0,0.5,0,0
ENSMUSG00000025935,11169,10155.5,10693.5,7681.5,7492,6359,8674,7784.5
ENSMUSG00000025937,12008.5,7779.5,7863.5,5908.5,5065.5,2823.5,3743,3764
ENSMUSG00000102982,134.5,149.5,120.5,110.5,85.5,69.5,42.5,50
ENSMUSG00000067813,30,30,6,8,2.5,1.5,0,0.5
ENSMUSG00000077368,0,0,0,0,0,0,0,0
ENSMUSG00000097711,22.5,14,15.5,12.5,16.5,9.5,13,16
ENSMUSG00000102166,7,6,10,1,0,0,0.5,0
ENSMUSG00000089358,0,0,0,0,0,0,0,1
ENSMUSG00000104209,1,2,0,0,0,0,1,1
ENSMUSG00000025932,3069.5,1567,1684.5,734.5,242.5,32,54.5,74
ENSMUSG00000095853,6.5,1,4,1.5,0,0,0,0
ENSMUSG00000102588,11,1.5,3.5,0,1,0,0,0
ENSMUSG00000054493,48,91.5,113.5,45,7.5,1,3.5,12
ENSMUSG00000025930,624.5,3948,3517.5,1129,77,38,34.5,13.5
ENSMUSG00000103492,12.5,19,6,8.5,4,3,0,1
ENSMUSG00000081201,1,2,1.5,1,1,2,3.5,1.5
ENSMUSG00000082193,26.5,13,15,11.5,9,21,11.5,27.5
ENSMUSG00000032769,331,405.5,590.5,350,76.5,62.5,227.5,389.5
ENSMUSG00000088159,0,0,0,0,0,0,0,0
ENSMUSG00000073737,21,2,13,6,10.5,7.5,13.5,10
ENSMUSG00000092083,10,2.5,0,0,2,4,3,7.5
ENSMUSG00000102937,0,0,0,0,0,0,0,0
ENSMUSG00000104149,0,2,3,3,1,0,0,0
ENSMUSG00000088829,0,0,0,0,0,0,0,0
ENSMUSG00000077377,0,0,0,0,0,0,0,0
ENSMUSG00000101652,0.5,0,4.5,3,2,0.5,0,0
ENSMUSG00000100814,0.5,0,0.5,0,0,0,0,0
ENSMUSG00000025925,10075,8322.5,13301,9315.5,9019,6778.5,6929,6869.5
ENSMUSG00000104379,97.5,105.5,85.5,94.5,60.5,55,15,24.5
ENSMUSG00000032719,47.5,30,18,20.5,13,6.5,5,9.5
ENSMUSG00000088943,0,0,0,0,0.5,0,0,0
ENSMUSG00000100652,9,1,2,2,2,7,0,1.5
ENSMUSG00000067795,5,2,3.5,2,0,3.5,9,7.5
ENSMUSG00000043716,135401,96141.5,118760,97152,115726,96415.5,132017.5,129120
ENSMUSG00000025921,384.5,430.5,470,339.5,413,417.5,460,462.5
ENSMUSG00000104165,0,0,0,0,0,0,0,0
ENSMUSG00000100868,1,2,0,0,0,0,1,3
ENSMUSG00000025920,597,460,516.5,394,459.5,295,460.5,950
ENSMUSG00000089982,1,0,1,1.5,0,0,0,4.5
ENSMUSG00000025939,1728,1643.5,1795.5,1088,1218,953,1142,1158.5
ENSMUSG00000102457,58,127,127,72,31.5,18.5,68,97.5
ENSMUSG00000079658,4420.5,6889.5,8314.5,6343.5,7663.5,6692.5,6534.5,5058
ENSMUSG00000097744,0,1.5,1.5,5,5,1.5,1.5,11.5
ENSMUSG00000100959,0,1,0,0,0,0,0,1.5
ENSMUSG00000025940,1511.5,1078.5,1566.5,1314.5,1863,1346.5,1665,1595
ENSMUSG00000025779,42,84.5,32,29,24,34,20,24.5
ENSMUSG00000100093,0,0,0,0,0,0,0,0
ENSMUSG00000091020,128,133,137,122,122.5,103,84,72
ENSMUSG00000101640,0,0,0,0,0,0.5,0,0.5
ENSMUSG00000104133,1,1,0,0,0,1,0,0
ENSMUSG00000042686,203.5,171,278,377.5,1337.5,1788.5,1733,1780.5
ENSMUSG00000100110,0,1,0,1.5,0,0.5,1,2
ENSMUSG00000025777,6,11,15,5,3,6,4.5,12
ENSMUSG00000099899,0,0.5,0,0,0,0,0,0
ENSMUSG00000100272,1,4.5,11,0,2,0,0,1.5
ENSMUSG00000100398,42.5,32.5,78.5,79,114,34,5,0
ENSMUSG00000101589,44,20,44,32,31.5,19,25,40
ENSMUSG00000102048,13.5,15,27,2,0.5,1,3,1
ENSMUSG00000089534,0,0,0,0,0,0,0,0
ENSMUSG00000067780,0,2,3,0.5,0,4,4.5,4
ENSMUSG00000100053,2.5,0,1,2.5,2,4,0,1
ENSMUSG00000085125,10.5,4,2,3,17,30,7.5,16
ENSMUSG00000025776,332.5,204.5,103,62.5,150.5,197.5,213,149
ENSMUSG00000099895,0.5,2,1,1,1.5,4,0.5,1.5
ENSMUSG00000100554,0.5,0,0,3.5,5,0.5,0,0
ENSMUSG00000099473,0,0,0,0,0,0,0,0
ENSMUSG00000099591,5,5,10,3,6.5,3,1,3
ENSMUSG00000109887,0.5,4.5,7,9,8.5,3.5,8,9
ENSMUSG00000102001,0,0,0,0.5,0,0,0,0.5
ENSMUSG00000101717,0,0,0,0,0,0,0,0
ENSMUSG00000025774,0,0,0,0,0,0,0,1
ENSMUSG00000070977,0,0,0,0,1,1.5,0,1
ENSMUSG00000073735,0,0,1,0,0,0,0,0
ENSMUSG00000067773,0,0,0.5,0,0,0,0,0
ENSMUSG00000101685,0,3,3,2,2.5,3,2,1
ENSMUSG00000101306,0,0,0,0,1,0,0.5,0
ENSMUSG00000088800,0,0,0,0,0,0,0,0
ENSMUSG00000101644,0,0,0,0,0,0,0,0
ENSMUSG00000099433,0.5,5,1.5,0,3,0,0,0.5
ENSMUSG00000089787,1.5,10,1,1,1,1,0,0
ENSMUSG00000042596,0,0,0,0,2,1.5,0.5,1
ENSMUSG00000100720,16,27.5,18,24,22.5,11,8,3
ENSMUSG00000025927,2,0.5,0,0,0.5,9.5,5.5,1
ENSMUSG00000100538,0,0,0,0,0,0,0,0
ENSMUSG00000101117,0,0.5,0,0,0,0,0.5,0
ENSMUSG00000100204,7,16.5,5,8.5,20.5,17.5,14.5,6
ENSMUSG00000084668,0,0,0,0,0,0,0,0
ENSMUSG00000102597,0,0,0,0,0,0,0,0
ENSMUSG00000043760,541,440,435,554,625.5,457,253.5,126
ENSMUSG00000104095,2,1,0,2,1,2,0,0.5
ENSMUSG00000089914,3,4,3.5,0.5,3,3.5,6,0
ENSMUSG00000090142,6.5,4,3.5,4.5,2.5,7.5,3,3
ENSMUSG00000070175,0,0,0,0.5,0,0,0,0
ENSMUSG00000099906,0,0,2,0,0,0,0.5,0.5
ENSMUSG00000065559,0,0,0,0,0,0,0,0
ENSMUSG00000065480,0,0,0,0,0,0,0,0
ENSMUSG00000025929,1,0,0,0,0,0,0,0
ENSMUSG00000041872,51.5,40,18.5,24,8,7,6.5,4.5
ENSMUSG00000041859,56866.5,47744,54347.5,51720.5,48790.5,43623,42287,32371
ENSMUSG00000099714,2.5,1.5,4,0,2,3.5,1,2
ENSMUSG00000102121,0,0,0,0,0,0,0,0
ENSMUSG00000088858,0,0,0,0,0,0,0,0
ENSMUSG00000097934,6,0,7,3.5,0.5,0,1,3
ENSMUSG00000025931,3221,1056.5,1016,636.5,384.5,100,181.5,356
ENSMUSG00000077314,1,1.5,0,0.5,2,0,0,0
ENSMUSG00000100929,5,1,1,0,0,0,0,0
ENSMUSG00000041809,847.5,373.5,340,292,133.5,68.5,172.5,289
ENSMUSG00000041779,1836,692.5,986.5,711.5,668.5,316,307,507.5
ENSMUSG00000099971,1.5,0.5,2.5,1,2,0,2.5,1.5
ENSMUSG00000100819,9,3.5,5.5,4,3.5,3,4.5,5.5
ENSMUSG00000025933,361,234,311,258.5,207,94,204.5,180.5
ENSMUSG00000102633,19,10,26,21,35,37.5,24.5,12
ENSMUSG00000025934,1385,2030.5,2569.5,2148.5,1545,399,140.5,28.5
ENSMUSG00000099343,43.5,20,41,54.5,38.5,9,0,0
ENSMUSG00000096375,0,0,0.5,2,0,0,0,0
ENSMUSG00000025936,1,0,0,1,0,0.5,2,0
ENSMUSG00000093963,0,0,0,0,0,0,0,0
ENSMUSG00000067750,2,4,4,0,1,3,2,1
ENSMUSG00000086194,0.5,0,0,0,0,0,2,0
ENSMUSG00000094436,0,0,0,0,0,0,0,0
ENSMUSG00000041722,2,1,0,2,0,0,0,0
ENSMUSG00000085507,0,0,0,0,0,0,1,0.5
ENSMUSG00000094926,0,0,0,0,0,0,0,0
ENSMUSG00000085079,0,4,0,0,2,0,2,1
ENSMUSG00000085679,0,0,0,0,0,0,0,0
ENSMUSG00000028033,16,8,11.5,7,5,11,44.5,128
ENSMUSG00000104138,0,0,0,0,1,0,0,3
ENSMUSG00000082935,546.5,423,561.5,464.5,499,533.5,730,732
ENSMUSG00000103748,0,0,0,0,0,0,0,2
ENSMUSG00000097109,1,4,2.5,1,4,3.5,15,16
ENSMUSG00000099692,0,0,0,1,0,0,1,0
ENSMUSG00000100418,0,0,0,0,0,0.5,0,0
ENSMUSG00000041670,383,514,1015,555,234,133,195.5,232
ENSMUSG00000097642,0,0,0,0,0,0,0,0
ENSMUSG00000101468,0.5,0,0,0,0,0,0,0
ENSMUSG00000101227,0,0,0.5,1,0,0,0,0
ENSMUSG00000073730,2,1,3,0,0,2,0,0
ENSMUSG00000089553,0,0,0,0,0,0,0,0
ENSMUSG00000102766,2.5,2.5,2.5,3,1,0,1,6.5
ENSMUSG00000065405,1.5,5,6,2,2,4,3.5,3.5
ENSMUSG00000097970,45,62.5,43.5,54,35.5,34.5,28,38
ENSMUSG00000065567,0,0,0,0,0,0,0,0
ENSMUSG00000100775,0.5,0,0,0,0,0,1,0
ENSMUSG00000101226,0,0,0,2,0,0,0,0
ENSMUSG00000026158,915.5,729,845.5,944.5,1634.5,1045.5,1375.5,1795
ENSMUSG00000097920,5,3,2,3,4,2,4.5,2
ENSMUSG00000099503,0,0,0,0,0,0,0,0
ENSMUSG00000026156,116.5,71.5,100.5,73,74,51.5,61.5,89
ENSMUSG00000026155,2042.5,1443,1572,1648,1947,1029.5,1435,1758
ENSMUSG00000026154,525.5,359,497.5,469,419.5,265,381.5,549
ENSMUSG00000102495,0.5,1,1,0,0.5,1,3,4.5
ENSMUSG00000026153,1987.5,1973,3025,2103.5,2652.5,2602,3561,3940.5
ENSMUSG00000102398,6,20,12,8,12,14,29,44
ENSMUSG00000097670,0,0,0,0,0,0,0,0
ENSMUSG00000026147,4.5,0,1,1,4,6,15,20
ENSMUSG00000026141,0,0.5,1,1,3,2,4.5,3.5
ENSMUSG00000077463,0,0,0,0,0,0,0,0
ENSMUSG00000099997,12.5,4,4,17,11.5,14,9.5,5
ENSMUSG00000100131,1,0,0,1,0,1,0,0
ENSMUSG00000067736,10,8,10.5,13,7.5,8.5,5.5,8
ENSMUSG00000101939,101,203.5,211.5,210,182.5,174,126,172.5
ENSMUSG00000101111,35,48,33,30.5,36.5,37.5,27,38
ENSMUSG00000100862,7.5,3.5,3.5,2,1,0.5,0,1.5
ENSMUSG00000102070,9,14,18.5,10.5,4,4,4.5,13
ENSMUSG00000101249,26.5,23,17.5,19,9,5.5,7,5.5
ENSMUSG00000073725,1574,1120,1482,960,822,631.5,900.5,1436.5
ENSMUSG00000100808,0,0,0,0,0,0,0,0
ENSMUSG00000100483,0,0.5,0,0,0.5,0,0,0.5
ENSMUSG00000100450,1,2,0,1,0,4,1,0
ENSMUSG00000099392,0,0,0,0,0,0,0,0
ENSMUSG00000033569,26,19.5,18.5,12,21,21,40,107.5
ENSMUSG00000080849,0,0,0,0,0,0,0,1
ENSMUSG00000104257,0,7,4.5,4.5,6,0,8.5,1
ENSMUSG00000096866,0,0,2,0,0,0,0,0
ENSMUSG00000102296,0,0,0,1,0,0.5,1,0
ENSMUSG00000103209,0,0,0,2,0,0,2,0
ENSMUSG00000104027,0,0,0,0,0,0,0,0
ENSMUSG00000102407,0,0,0,1,0,0,0,2
ENSMUSG00000103214,0,0,0,0,0,0,2,5
ENSMUSG00000104100,0,0,0,0,0,0,1,5
ENSMUSG00000084740,0,0,0,0,0,0,0,0
ENSMUSG00000103889,0,1,0,0,1,0,0,4
ENSMUSG00000101301,0,0,0,0,0,0,0,0.5
ENSMUSG00000104221,1,0,0,0.5,0,0,0,4
ENSMUSG00000102250,1,1,0,0,1,0,0,4
ENSMUSG00000102317,2,1,5,0,1,0,2,13
ENSMUSG00000103563,1,0,0,0,0,0,1,4
ENSMUSG00000102465,2,0,0,0,0,0,0,19
ENSMUSG00000102659,0,1.5,3,1,0,0.5,0,2
ENSMUSG00000103924,4.5,2,1,1.5,1,2,1.5,23.5
ENSMUSG00000104132,3,1,1,4,0,2,4,25.5
ENSMUSG00000102747,3,3,0,1,2,2,3.5,9.5
ENSMUSG00000102386,0,0,0,0,3,0,1,6
ENSMUSG00000103004,0,3,1.5,0,0,1,0,2.5
ENSMUSG00000104516,0,0,0,1,0,0,0,0
ENSMUSG00000101618,0,0,0,0,0,0,0,0
ENSMUSG00000099458,0,0,0,0,0,0,0,1
ENSMUSG00000088111,0,0,0,0,0,0,0,0
ENSMUSG00000073722,14.5,1,1,0,0,0,3,0
ENSMUSG00000095256,0,1,0,0,0.5,0,0,0
ENSMUSG00000100310,0,0,0,0,0,0,0,0
ENSMUSG00000101514,0,0,0.5,0,0.5,0.5,1,0
ENSMUSG00000101033,0,0,0,0,0,0,0,0
ENSMUSG00000101372,1,1,2,2,3,0,3,0
ENSMUSG00000103241,0.5,0,0,0.5,0,0,0,0
ENSMUSG00000086240,12.5,17,13,10,26,12.5,18.5,11
ENSMUSG00000048411,0,0,0,0,1,0,0,2
ENSMUSG00000081557,8,2,0,2,1,0,1.5,1
ENSMUSG00000058590,0,0,0,0,0,0,0,0.5
ENSMUSG00000101235,0,0,0,0,0,0,0,0
ENSMUSG00000064433,0,0,0,0,0,0,0,0
ENSMUSG00000080625,0,0,0,0,0,0,0,0
ENSMUSG00000080391,0,0,0,0,0,0,0,0
ENSMUSG00000099257,0,0,0,0,0,0,0,0
ENSMUSG00000099492,41,33.5,26,32.5,22,25.5,29.5,38
ENSMUSG00000101726,1.5,0,1,0,1,0,0,0
ENSMUSG00000096829,0,0,0,0,0,0,0,0
ENSMUSG00000098883,0,0,0,0,0,0,0,0
ENSMUSG00000053185,0,0,0,0,0,0,0.5,2
ENSMUSG00000100261,1,0,0,1,1,0,2,0.5
ENSMUSG00000101180,1,0,0,0,0,0,0,0
ENSMUSG00000048874,28096.5,26244,35335.5,27303.5,19712,16981,15626.5,16852
ENSMUSG00000103783,287,381.5,309,220.5,166,156,114,188
ENSMUSG00000104315,249.5,402.5,313.5,225,165.5,150.5,101.5,221.5
ENSMUSG00000117310,5,7,3.5,10.5,7.5,4,8,8.5
ENSMUSG00000026064,232.5,450,265,203.5,230,251.5,191.5,247.5
ENSMUSG00000117091,87,309,331,197.5,95,55.5,15.5,19
ENSMUSG00000086726,3,12,12,13,10.5,4,0,1
ENSMUSG00000086727,47,254,244,130.5,95,36,16,20
ENSMUSG00000100237,0,0,0,0,3,1,0,0
ENSMUSG00000098529,0,0,0,0,0,0,0,0
ENSMUSG00000100910,0,0,0,1,1,3,0.5,0.5
ENSMUSG00000099796,3.5,3,3,4,4.5,2,2,5
ENSMUSG00000050217,4.5,1,1.5,1.5,0.5,3,0,0
ENSMUSG00000026063,0,0,0,0,0,0,0,0
ENSMUSG00000077664,0,0,0,0,0,0,0,0
ENSMUSG00000100205,0,0,0.5,1,0,0,0,0
ENSMUSG00000100592,0,0.5,1,0,0,0,0,0
ENSMUSG00000094215,62.5,189.5,244.5,117.5,79.5,46.5,10,3.5
ENSMUSG00000101093,0.5,0,0.5,1,0,0,0,0
ENSMUSG00000070960,34.5,18,7,12,20,15,23,47
ENSMUSG00000088620,0,0,0,0,0,0,0,0
ENSMUSG00000082159,3,13.5,16.5,5,14.5,5.5,0.5,1
ENSMUSG00000026058,1.5,2,3,0.5,2,2,24,49.5
ENSMUSG00000064688,0,0,0,0,0,0,0,0
ENSMUSG00000103482,0,0,0,0,0,0,1,1
ENSMUSG00000104498,1,1,0,0,0,1,1,0
ENSMUSG00000104313,0,1,0,0,0,0,0,0
ENSMUSG00000102865,0,0,0.5,0,0,0,0,0
ENSMUSG00000102321,0,0,0,0,0,0,0,2
ENSMUSG00000091318,2,0,0,0,0,0,2,0
ENSMUSG00000089489,0,0,0,0,0,0,0,0
ENSMUSG00000104433,1,0,0,0,0,0,0,0
ENSMUSG00000089395,0,0,0,0,0,0,0,0
ENSMUSG00000102926,0,0,0,0,0,0,1,0
ENSMUSG00000100497,0,0,0,0,0,0,1,2
ENSMUSG00000102917,0,0,0,0,0,0,0,0
ENSMUSG00000100481,9,7,8.5,8.5,11,6,6,11
ENSMUSG00000100590,3,0,0,0,0,0,2,1
ENSMUSG00000088750,0,0,0,0,0,0,0,0
ENSMUSG00000104230,0,0,0,0,0,0,0,1
ENSMUSG00000101754,1,2,0,2,0,0,0,1
ENSMUSG00000065223,0,3,0,0,0,0,0.5,0
ENSMUSG00000100318,7,2.5,1,0,0,1,1,0
ENSMUSG00000101612,5,1,0,2,3,0,2,0
ENSMUSG00000065260,2,1,0,0,0,0.5,0,0
ENSMUSG00000026134,6109.5,4548,5161,4728.5,5814,4275,5075.5,4406.5
ENSMUSG00000101682,5.5,1,3,1.5,1.5,6,1,2.5
ENSMUSG00000102714,94,69,66,71,72,96,46,59.5
ENSMUSG00000102093,3,3.5,3,1.5,6,6.5,3,4.5
ENSMUSG00000103746,6,14.5,7,9,15.5,16.5,29.5,44.5
ENSMUSG00000102198,1,4,0,1,3,0,2,8.5
ENSMUSG00000004768,2614,1374.5,1938.5,2474.5,3014,2611,3060.5,2602
ENSMUSG00000042215,221,130.5,237,183.5,182,257,412,710.5
ENSMUSG00000103072,0,0,0.5,0,0.5,0,1,2.5
ENSMUSG00000042197,7349,5817.5,6532.5,5581.5,7075.5,6525.5,6970.5,6289
ENSMUSG00000081402,307.5,402,280,171,139.5,117,95.5,23.5
ENSMUSG00000042182,98,75,55,42,39.5,49.5,103.5,391
ENSMUSG00000104416,1,1,0,3,0,0.5,3,10
ENSMUSG00000026131,105239.5,74762,77790.5,62885.5,40111.5,30527.5,37066,77595
ENSMUSG00000103596,13,9.5,10.5,13,8,12,9.5,24
ENSMUSG00000099382,0.5,0,2,1.5,0,0.5,2,1
ENSMUSG00000084506,0,0,1,0,0,0.5,0,0
ENSMUSG00000103364,95.5,83.5,69.5,64.5,64.5,44.5,29.5,103.5
ENSMUSG00000105982,4,4,7,5,3,2,1,11
ENSMUSG00000096992,659,727.5,1121,719.5,390,275,261.5,464.5
ENSMUSG00000103001,85.5,68,61,58.5,36.5,19.5,25,59.5
ENSMUSG00000104397,1,0,0,0.5,0.5,0,0,0
ENSMUSG00000102839,0,0,0,0,0,0,0,0
ENSMUSG00000101206,2,4,10,3,5.5,4,0,0
ENSMUSG00000101462,1,2.5,3,1,0,0,0,3
ENSMUSG00000102336,47,48.5,142.5,68,39,36,29.5,77
ENSMUSG00000092852,0,0,0,0,0,0,0,0
ENSMUSG00000042111,2544,1826.5,2360.5,2226,2737,2087,1718,1123.5
ENSMUSG00000101711,15,17.5,18,10,18.5,14.5,19,3
ENSMUSG00000026127,7036.5,5820,7018.5,7240,9210.5,8997,8569.5,5415.5
ENSMUSG00000026126,27.5,33,43.5,39.5,148.5,178,195,222
ENSMUSG00000100280,5.5,9,27,33,49,76.5,51,37
ENSMUSG00000101223,0.5,0,2,0.5,0.5,0,6,5.5
ENSMUSG00000026125,2,0,1,1,0,3,11,5
ENSMUSG00000101116,0,0,0,0,0,0,0,0
ENSMUSG00000026124,7.5,3,1.5,0.5,12.5,2,10,22.5
ENSMUSG00000101803,0,0,0,0,0,0,2,2.5
ENSMUSG00000037529,0.5,2.5,1.5,1,0,0.5,3,2
ENSMUSG00000045815,0,0,0,0,0,0,0,0
ENSMUSG00000045174,3,7,1,1,0,2,4.5,39
ENSMUSG00000100524,0,0,0,0,0,0,0,0
ENSMUSG00000102499,1,0,0,1,0,0,0,0
ENSMUSG00000103521,6,2,0,0,1.5,0,0,0
ENSMUSG00000104098,0,3,1,1,2,0,0,0
ENSMUSG00000037509,674.5,293.5,281.5,492.5,450,626,1204,1127.5
ENSMUSG00000102537,0,0,0,0.5,0,0,0,0.5
ENSMUSG00000102612,0,0,0,0.5,0,0,0,0
ENSMUSG00000118272,0,0,0,0,0,0,0,0
ENSMUSG00000104002,165,128,113,120.5,74,91.5,53.5,64
ENSMUSG00000037503,14037,10625,11454.5,9184.5,9168,8155,9260,8230.5
ENSMUSG00000104358,243.5,278,273.5,187,187.5,209,120.5,157
ENSMUSG00000026123,10608.5,7317,6240,5919,5560.5,2545.5,1241.5,853
ENSMUSG00000103716,0,1,2,0,0,1.5,2.5,0
ENSMUSG00000103548,0,0,0,0,1,0,0.5,0
ENSMUSG00000103760,0,2,0,0,0.5,1,0.5,0
ENSMUSG00000103997,0,0,0,0,0,0,0,1
ENSMUSG00000077231,0.5,0,4.5,1.5,0,0,1,0
ENSMUSG00000104417,0,2,0,0,0,0,0,1
ENSMUSG00000064601,0,0,0,0,0,0,0,0
ENSMUSG00000101714,0,0,0,0,0.5,0,0,0
ENSMUSG00000102531,17.5,17,21.5,7,1.5,1.5,2,1
ENSMUSG00000103096,2,4,1,0,0,0,0,0
ENSMUSG00000102279,7,17,9,3,4,1,0,0
ENSMUSG00000103708,99,135.5,155,99.5,88,48,17,5
ENSMUSG00000104201,15.5,15.5,24,14,39,14.5,10,0
ENSMUSG00000102434,65.5,60.5,116.5,133,93.5,36,7,2
ENSMUSG00000045216,8416.5,7562.5,6207.5,4513,4351.5,3227,3335.5,2615
ENSMUSG00000104523,0,0,0,0,0,0,0,0
ENSMUSG00000102202,45,31,29,25,24,26,18.5,27
ENSMUSG00000037470,27175,19642,20535,17661.5,14490.5,13866.5,13712.5,11506.5
ENSMUSG00000098752,5.5,3,2,2.5,4.5,4,1,1.5
ENSMUSG00000047180,11,10,3,0,11,15,27.5,2
ENSMUSG00000037447,613.5,449.5,429,494,375,356.5,443,361
ENSMUSG00000102762,6.5,0.5,5,6.5,2,5,3.5,3
ENSMUSG00000010453,5106.5,3099.5,3777.5,3650,3137,2963,3863,3916
ENSMUSG00000098680,2.5,1.5,1.5,0,0,0.5,0,0.5
ENSMUSG00000037432,204.5,102,128,113,92.5,93,153.5,216
ENSMUSG00000001143,956.5,520.5,846.5,706.5,634,525,716.5,933.5
ENSMUSG00000037408,618,527.5,434,400,438,545,1180,1022
ENSMUSG00000104316,4.5,5.5,4.5,9,7.5,17,23,28
ENSMUSG00000106081,0,0,0,0,0,0,0,0
ENSMUSG00000001138,2215.5,1155,1620.5,1703.5,2084,2399.5,2495.5,3001
ENSMUSG00000102845,0,0,0,0,0,0,0,0
ENSMUSG00000067653,21.5,17,18,16,7,13,18.5,30.5
ENSMUSG00000109510,0,0,0,0,0,0,0,0
ENSMUSG00000079610,426,238.5,328.5,275.5,328.5,331,513.5,520.5
ENSMUSG00000026121,387,253.5,295.5,328.5,1150,2947,1721,1290
ENSMUSG00000087589,41,38.5,12,13.5,14.5,94.5,84.5,94
ENSMUSG00000046337,2892.5,1882.5,1171,940.5,896.5,833,970,406
ENSMUSG00000089906,5.5,3.5,5,2,8.5,5,3.5,0.5
ENSMUSG00000077939,4,0.5,0.5,0,0,0,0,0
ENSMUSG00000061518,11055,8683,9587,8095.5,8136.5,7061,9801.5,9286.5
ENSMUSG00000037351,9018.5,5922,7895.5,7556,6879.5,6469,8554.5,8923.5
ENSMUSG00000102416,1.5,2.5,5,3.5,0.5,1.5,4,7.5
ENSMUSG00000104237,0,0,0,0,0,0,3,1
ENSMUSG00000026117,396.5,144,70.5,158.5,240.5,95.5,152.5,52
ENSMUSG00000097291,0,0,0,0,0,2,1.5,1
ENSMUSG00000026116,14676.5,10363,8906.5,9156,10606.5,11657.5,8227.5,6019
ENSMUSG00000103016,18.5,17,13.5,13.5,16,24.5,15.5,10.5
ENSMUSG00000102930,148,106,110.5,98.5,80.5,109.5,55.5,63.5
ENSMUSG00000103159,181,163,149.5,147,128.5,152.5,70.5,88
ENSMUSG00000080054,4,3,3.5,6.5,3.5,5.5,2.5,6
ENSMUSG00000095944,0,0,1,0,0,0,1,0
ENSMUSG00000050122,1905.5,1446,1877,3646,3956.5,1782,334.5,14
ENSMUSG00000103603,15,10.5,34.5,51,46,19,4,0
ENSMUSG00000026114,355,294.5,245.5,474.5,650.5,560,600,214
ENSMUSG00000102231,0,0,0,0,0,0,0,1
ENSMUSG00000026113,574.5,324.5,563,536,542.5,346.5,288.5,443.5
ENSMUSG00000086064,2.5,2,4,3.5,0,0.5,2.5,1
ENSMUSG00000102879,2,2.5,2,1,0,2,1,2
ENSMUSG00000026112,7620,5084.5,5823,5287.5,5712,5192,6708.5,5537
ENSMUSG00000026111,2340,1845,2579,1824,1656,1209.5,1425,1918
ENSMUSG00000026110,1019,952,1134.5,943,878.5,578.5,871.5,969.5
ENSMUSG00000103948,2,3.5,4,7.5,3,4,2,3
ENSMUSG00000087233,0.5,1,0.5,1,0,0,0,1.5
ENSMUSG00000026090,95.5,108,78.5,53.5,85.5,28,24,59
ENSMUSG00000089767,0,0,0,0,0.5,0.5,0,0
ENSMUSG00000104365,1,0,0,0,0,0,0,4
ENSMUSG00000102650,0,1,1,0,1,1,1,2
ENSMUSG00000060771,322,241,443,343.5,329,232,279,437
ENSMUSG00000097268,5,2.5,5,0,2,3,0,4
ENSMUSG00000037216,506,187.5,470.5,448,446.5,387.5,637.5,484
ENSMUSG00000026088,1786.5,1180.5,1706.5,1681,1788.5,1231,1643,1149.5
ENSMUSG00000026087,5205.5,3927.5,4952,4520.5,4766.5,4208.5,4810.5,4325.5
ENSMUSG00000061584,1,0,0,0,0,1,0.5,0.5
ENSMUSG00000087374,7,1.5,5.5,1,0,0,1,0
ENSMUSG00000026085,4.5,6.5,3,5,0,0.5,0.5,0
ENSMUSG00000089141,0,0,0,0,0,0,0,0
ENSMUSG00000058407,5829.5,6373.5,6858.5,5138.5,5333,4693,5595.5,4505.5
ENSMUSG00000026083,7673.5,6221,8060,7547,6995.5,6254,6161.5,6646.5
ENSMUSG00000026082,6309.5,4872.5,5389,5873.5,5738,5284.5,5720,6293.5
ENSMUSG00000103804,146.5,94,118.5,107.5,121.5,122.5,133,176.5
ENSMUSG00000102716,1,0,1,1,3,4,0.5,2.5
ENSMUSG00000037138,174,123,364,422,837.5,2002.5,3124,2883.5
ENSMUSG00000085391,5,4.5,7.5,5.5,6.5,11.5,14.5,18.5
ENSMUSG00000085280,1,2,1,5,2.5,27,21,26
ENSMUSG00000087131,1,2,2,0.5,6,17,12,13
ENSMUSG00000102984,1,0,1,1,1,21.5,12,14
ENSMUSG00000102541,0,0,0,0,0,0,0,0
ENSMUSG00000103531,0,0,0,0,1,1.5,3,0
ENSMUSG00000048814,344,273,281,362.5,133.5,27.5,69.5,78.5
ENSMUSG00000026080,489.5,344.5,422.5,419.5,438.5,185.5,297,263.5
ENSMUSG00000103647,0,3.5,0,2,1.5,1,0,0.5
ENSMUSG00000102447,0,1,0,0,0,2,3,1
ENSMUSG00000067604,0,1,0,0,0,0,0,0.5
ENSMUSG00000026078,2880,2451.5,3396,2549,2052,1671.5,2197,4213.5
ENSMUSG00000103046,49,90,97.5,54.5,34,38,51,96
ENSMUSG00000104188,0,0,0,0,0,2,0,0
ENSMUSG00000103182,0,0,1,3,1,2,0,2
ENSMUSG00000098833,0,0,0,0,0,0,0,0
ENSMUSG00000026077,63.5,51,86.5,14.5,7.5,2,2.5,6
ENSMUSG00000092553,0,0,1,0,0.5,0,0,1
ENSMUSG00000092563,7,2.5,2,2,3,0,1.5,1
ENSMUSG00000073702,33701,24552.5,30833,27552.5,27682.5,22345.5,29098.5,29015.5
ENSMUSG00000003134,5130.5,3784.5,2991.5,2488,1655.5,938,912,1495
ENSMUSG00000102607,8,13.5,13.5,10.5,5,4,1,9.5
ENSMUSG00000065629,0,0,0,0,0,0,0,0
ENSMUSG00000104827,0,0,0,0,0,0,0,0
ENSMUSG00000003135,5732.5,6053,6883.5,5217.5,4168.5,3397.5,3964.5,3310
ENSMUSG00000085894,76,94.5,83.5,102.5,87.5,101.5,85,59
ENSMUSG00000077704,47,28,30.5,37,29.5,34,23,45
ENSMUSG00000048234,3265,3343,3116.5,2663.5,3139.5,2566.5,2979.5,2307.5
ENSMUSG00000064936,12.5,26.5,19.5,8.5,11.5,13.5,14.5,12
ENSMUSG00000102471,5,1,5,0,3,3,3.5,3
ENSMUSG00000050967,230,86.5,41,49.5,71.5,27,21.5,13.5
ENSMUSG00000097083,145,348,273.5,290.5,343,381,115.5,4
ENSMUSG00000057173,67.5,27,6,10,12.5,10,10.5,39
ENSMUSG00000091937,0,0.5,0,0,0,0,0,0
ENSMUSG00000101634,14.5,0.5,2,9,17,6,3,1.5
ENSMUSG00000026074,21531,14512.5,22403.5,18299.5,13422,11363,13302.5,15935.5
ENSMUSG00000102985,0,0,0,0,0,0,0,0
ENSMUSG00000026073,10,5,4.5,3,12,22.5,39,50.5
ENSMUSG00000097899,1,0,0,0,0,0,0,0
ENSMUSG00000102975,3,0,0,0,0,0,1,4
ENSMUSG00000026072,176,148.5,81,38.5,24.5,13.5,18.5,41.5
ENSMUSG00000103560,3,3,5,1,1,5,2,1
ENSMUSG00000070942,90.5,56,85,29,80.5,39.5,53,32
ENSMUSG00000103230,3,5,1,1.5,2,1,0,0
ENSMUSG00000026069,0.5,0.5,0,0.5,0,0,2.5,0
ENSMUSG00000026070,2,1,0,0,0,0,2.5,2
ENSMUSG00000026068,0,9,1,3,1,0,3,0
ENSMUSG00000104441,0,0,0.5,0,0,0,0,0
ENSMUSG00000026065,0,2,1,0.5,0,0,0.5,2
ENSMUSG00000102676,0,0,0,0,0,0,0,2
ENSMUSG00000026062,62,43,1,5,24.5,36.5,30.5,19.5
ENSMUSG00000103679,0,0,0,0,0,0,0,0.5
ENSMUSG00000103270,2,1.5,0.5,3,0,0,3,3
ENSMUSG00000041945,72.5,36,69,33.5,48.5,41.5,83,84.5
ENSMUSG00000079588,0,0,0,0,0,0,0,1
ENSMUSG00000094136,0,0,0,0,0,0,0,0
ENSMUSG00000104072,0,0,0,0,0,0,1,0
ENSMUSG00000100185,0,0,0,0,0,0,1,0
ENSMUSG00000100832,0,0,1,0,0,1,0.5,2
ENSMUSG00000100178,0,0,0,0,0,0,0,0
ENSMUSG00000101877,0,0,0,0,0,0,0,0
ENSMUSG00000053640,0,0,0,0,1,0,0,0.5
ENSMUSG00000101919,0,0,0,0,0,0,0.5,0
ENSMUSG00000101299,0,0,0,0,0,0,0,0
ENSMUSG00000100180,0,0,0,0,0,0,0,0
ENSMUSG00000103106,0,0,0,0,0,0,0,0
ENSMUSG00000060424,3,2.5,4,3.5,1,1,3.5,0
ENSMUSG00000104199,0,0,0,0,1,0,0,0
ENSMUSG00000093436,0,1.5,2.5,0,1,0,1,0
ENSMUSG00000045515,79,79.5,72,34,10,27.5,32,3
ENSMUSG00000097063,3,0,0,0,1.5,1,0,0
ENSMUSG00000099784,0,0,0,0,0,0,3,0
ENSMUSG00000060679,6914.5,5249.5,5083,4418.5,5318,3952,5771,5713.5
ENSMUSG00000077448,7.5,4,3,5,3,4,1.5,0.5
ENSMUSG00000041907,7,10,15,11.5,12,7.5,21,31.5
ENSMUSG00000089088,0,0,0,0,0,0,0,0
ENSMUSG00000070939,1333.5,761.5,968.5,587.5,628,679.5,881.5,1124
ENSMUSG00000100269,5,0,0.5,0,0,1,0,2
ENSMUSG00000041878,7.5,9,13.5,6,13,15.5,18.5,39
ENSMUSG00000010290,2975,1607.5,2708.5,2240.5,2602,1874.5,2789.5,3112
ENSMUSG00000008136,22,52.5,63.5,10,64,98.5,101,83.5
ENSMUSG00000094497,1145,798,962.5,904.5,949.5,879.5,1325.5,1150
ENSMUSG00000099576,5,20,30,5.5,3,0.5,0,0
ENSMUSG00000099694,0,0,0.5,0,0,0,0,0
ENSMUSG00000101923,0,0,0,0,0,0,0,0
ENSMUSG00000066877,2242,1489.5,2122,1491,1604,1460.5,1970,2272
ENSMUSG00000103422,24.5,17,15.5,19,23,20,23,29
ENSMUSG00000103945,123.5,75,140,130,105.5,206.5,148,115
ENSMUSG00000026051,14,13,13,7.5,3,17,62.5,42.5
ENSMUSG00000100764,14.5,6.5,7,6,2,0.5,5.5,7.5
ENSMUSG00000100635,6,2,12.5,5,5.5,3.5,5,3.5
ENSMUSG00000100480,15.5,19.5,21.5,11.5,8,4,11,3
ENSMUSG00000057363,1929,1527,2014,1602.5,1622.5,987,951,830
ENSMUSG00000090243,27.5,14.5,32,40,22.5,25.5,20.5,20
ENSMUSG00000100701,27,25.5,29,31,26,24,29,16
ENSMUSG00000101395,0,0,0,8,0,1,2,1
ENSMUSG00000088848,0,0,0,0,0,0,0,0
ENSMUSG00000095757,0,0,0,0,0,0,0,0.5
ENSMUSG00000041763,15972,14813,15285,12477.5,15296,14061.5,14172,14429.5
ENSMUSG00000047343,189.5,82,92.5,85.5,72.5,78,37.5,70.5
ENSMUSG00000090106,3.5,0.5,0,1,1.5,0,0,0
ENSMUSG00000091844,35,57,45.5,21.5,12,30,19,14
ENSMUSG00000026049,1004,1458,1762.5,1258.5,1522.5,1350.5,1298,1058
ENSMUSG00000101104,0,0,0,0,0,0,0,0
ENSMUSG00000026047,2819.5,1836.5,1929.5,2195,2371.5,1911.5,3107.5,3056.5
ENSMUSG00000041684,2437,1290,1838,1339.5,1369.5,1518,2368,2493
ENSMUSG00000026048,4490,2567,3046,3590,3573.5,2541.5,3992,5437.5
ENSMUSG00000046828,5.5,7.5,9.5,14.5,22,2.5,2,1
ENSMUSG00000089703,1,1.5,0,4,5.5,0,0,1
ENSMUSG00000100966,1,7.5,17,6,0,1.5,0,0
ENSMUSG00000100769,10,53,59.5,15.5,22,14,5,0
ENSMUSG00000101567,4.5,4,4.5,4,4,3,6,2.5
ENSMUSG00000056870,686.5,505,159,300,360.5,226,461.5,812.5
ENSMUSG00000102319,50,25.5,39,27,24,37.5,50.5,82.5
ENSMUSG00000089877,3,1.5,3.5,3.5,1.5,3.5,0.5,9.5
ENSMUSG00000101701,7.5,3.5,0,1,4.5,2,2.5,6.5
ENSMUSG00000103071,4,1.5,2,2,4.5,4.5,2,3
ENSMUSG00000100434,0,1,0,1,2,0,0,0
ENSMUSG00000100013,0,0,0,0,0,0,0,0
ENSMUSG00000101251,0,0,0,0,0,0,0,0
ENSMUSG00000101937,0,2,2,0,1.5,2,1,0
ENSMUSG00000026043,4,7.5,7.5,6.5,13.5,30.5,36.5,10.5
ENSMUSG00000105211,0,0,0,0,0,0,0,0
ENSMUSG00000026042,662.5,466,1159.5,915,547,566,714.5,1101.5
ENSMUSG00000104476,10,8,18,9,4,12,8,4.5
ENSMUSG00000100218,1,0,0,0,0,0,2,1
ENSMUSG00000100361,2,1,3,2.5,2,4,0,1
ENSMUSG00000100894,1.5,1,2,0.5,1,1.5,0,1
ENSMUSG00000095121,0,0,0,0,0,0,0,0
ENSMUSG00000065255,0,0,0,0,0,0,0,0
ENSMUSG00000100843,0,0,0,0,0,0,0,0
ENSMUSG00000087764,0,0,0,0,0,0,0,0
ENSMUSG00000025995,14711,15140.5,22218.5,17931.5,19933,21389.5,19712.5,15580.5
ENSMUSG00000099850,1,4.5,2,5.5,1,6,0,2
ENSMUSG00000084817,25,30.5,40,43,41.5,50,39.5,43
ENSMUSG00000098549,1,1.5,2.5,1.5,1,1.5,1,1
ENSMUSG00000099381,0,1,0,0,5,20,6.5,12
ENSMUSG00000025993,86,69.5,276.5,223.5,1241,2060.5,1919,4907
ENSMUSG00000099946,0,1,0,0,0,0,0,0
ENSMUSG00000070896,1,0,0,7.5,2,1.5,2,3
ENSMUSG00000090682,0,0,0,0,0,0,0,0
ENSMUSG00000044457,0,0,0,0,0,0,0,0
ENSMUSG00000099432,0,0,0,0,0,1,0.5,1
ENSMUSG00000041144,29.5,37.5,239,93,94.5,90,134,334
ENSMUSG00000096047,0,0,0,0,0,0,0,0
ENSMUSG00000101262,15.5,10.5,21.5,13,13,26.5,5,1.5
ENSMUSG00000101337,69,122.5,187,132,125,82.5,58,40.5
ENSMUSG00000025986,8729.5,6271.5,14472.5,11419,17084,14536,14730.5,10601
ENSMUSG00000100213,33.5,31.5,44.5,51.5,78.5,74,76,120.5
ENSMUSG00000103129,0,1,1.5,5,12,17.5,8,1
ENSMUSG00000100160,0,0,13.5,7,22,19,8,8
ENSMUSG00000101921,0,0,0,0,0,0,0,0
ENSMUSG00000101447,7.5,14.5,13,17,6,12,0.5,0
ENSMUSG00000081185,1,4,2,3,4,0,0,0
ENSMUSG00000103246,0,0,0,0,0,0,0,0
ENSMUSG00000098876,0,0,0,0,0,0,0,0
ENSMUSG00000100530,0,0,0,0,0,0,0,0
ENSMUSG00000104067,0,0,0,0,0,0,0,0
ENSMUSG00000100033,30.5,31,37.5,32,29.5,17.5,7,8
ENSMUSG00000094968,2,3.5,5,1.5,1.5,0,0.5,1.5
ENSMUSG00000088017,0,0,0,0,0,0,0,0
ENSMUSG00000101996,1.5,0,0,0,0,2,0,0
ENSMUSG00000096973,2.5,1.5,0.5,1,1,2,1.5,0
ENSMUSG00000064943,1,4,2.5,2,2,1.5,2,1
ENSMUSG00000100866,0,0,0,0,0,0,0,0
ENSMUSG00000101721,0,0,0,0,0,0,0,0
ENSMUSG00000099376,0,0,0,0,0,0,0,0.5
ENSMUSG00000097883,2,1,3,3,5.5,5,5,3
ENSMUSG00000092790,0,0,0,0,0,0,0,0
ENSMUSG00000099698,0,0,0,0,0,0,0,0
ENSMUSG00000099454,0,0,0,0,0,0,1,0
ENSMUSG00000051616,0,0,0,0,1,0,0,0
ENSMUSG00000099627,0,0,0,0,0,0,0,0
ENSMUSG00000099577,0,0,0,0,0,0,0,0
ENSMUSG00000099882,0,0,0,0,0,0,0,1
ENSMUSG00000101760,1,1.5,5,1.5,0,0,0,2
ENSMUSG00000099608,3,0.5,0,0,0,0,1,0
ENSMUSG00000099864,0.5,0,0,0,0,0,0,0
ENSMUSG00000098249,0,0,0,0,0,0,0,0
ENSMUSG00000100451,4,0,0,0,0,0,0,0
ENSMUSG00000099941,0,0,0,0,0,0,0,0
ENSMUSG00000084531,0,0,0,0,0,0,0,0
ENSMUSG00000100816,10,25,13.5,27.5,179,154,42.5,16.5
ENSMUSG00000026109,23,25.5,15.5,9.5,24.5,29.5,46.5,137
ENSMUSG00000100671,0,1,0,1,1,3.5,0,0
ENSMUSG00000092906,0,0,0,0,0.5,0,0.5,0.5
ENSMUSG00000101242,0,0,0,0,1.5,0.5,0,1
ENSMUSG00000099924,0,0,0,0,0,2,1,5
ENSMUSG00000099625,0.5,0,0,0,0,0,1,1
ENSMUSG00000101799,0,1,0,0,0.5,0,2,0
ENSMUSG00000045954,1.5,6,1,1,0,0,3,2
ENSMUSG00000099741,0,0,0,0,0,0,0,0
ENSMUSG00000101702,0,2,2,0,0,1,0,2
ENSMUSG00000026107,3676,8644.5,4726.5,3145.5,3977,3204,3074.5,2322.5
ENSMUSG00000099413,32.5,53.5,22.5,27,27,18,9,3
ENSMUSG00000103424,1,0,1,1,1.5,0,4,1
ENSMUSG00000101741,16,12,14.5,19.5,18,9.5,5,0
ENSMUSG00000018417,13171.5,12287,14603.5,9915,7772,5544.5,6335,6577
ENSMUSG00000101724,24,21.5,16,8,5,14,8.5,7.5
ENSMUSG00000100313,53.5,54.5,52.5,36,20,30.5,10.5,34.5
ENSMUSG00000100696,0,0,1,0,1,0,1,0.5
ENSMUSG00000099135,0,0,0,0,0,0,0,0
ENSMUSG00000072324,157,123.5,130,109.5,132,97,154,107
ENSMUSG00000062939,403,369.5,427.5,735,468,153,200,273
ENSMUSG00000101628,1.5,0.5,0.5,1,0.5,0.5,0,4.5
ENSMUSG00000078291,3,2,4,3,7,2.5,3,1.5
ENSMUSG00000109599,11,5,8.5,13,6,7.5,17.5,28.5
ENSMUSG00000026104,788.5,581,554,550.5,343.5,141,131,204.5
ENSMUSG00000099569,9,5,6,12,3,5,2,1.5
ENSMUSG00000026103,7173,8097.5,6382,3864.5,5457,4737,6772,9936.5
ENSMUSG00000099648,1,1,0,0,0,0,0,0
ENSMUSG00000065192,0,0,0,0,0,0,0,0
ENSMUSG00000002881,905,1465.5,3210.5,1284.5,1047.5,523,615,1247
ENSMUSG00000097833,8,36,145.5,64.5,29,4,7,7.5
ENSMUSG00000101501,1,0,0,0,1,2,0,1
ENSMUSG00000100120,0,0.5,0,0,0,0,0,0
ENSMUSG00000099878,1,1,0,0,3,1,0,0
ENSMUSG00000100007,2.5,5.5,6,3,4,6,2.5,2.5
ENSMUSG00000043015,1793,738.5,864.5,1219.5,1283,1009.5,1501,2261
ENSMUSG00000103630,32,13,10.5,4,9.5,7,6,10
ENSMUSG00000041439,280.5,220,511,179.5,156.5,107.5,281,940.5
ENSMUSG00000100302,1,3,2,0,1,2,1,6
ENSMUSG00000100230,0,0,0.5,2,0,0,0,0
ENSMUSG00000026102,251.5,181,597.5,357,332,359,395,572.5
ENSMUSG00000041426,1875,1283.5,1456.5,1577,1683.5,1058,1597,2268.5
ENSMUSG00000089802,5.5,5,2.5,1.5,6,1,7,4
ENSMUSG00000043629,6496.5,5201.5,7590.5,5447,5984.5,4105.5,3454.5,3585
ENSMUSG00000026100,0,0,0,0,0,0,0.5,0
ENSMUSG00000089334,0,0,0,0,0,0,0,0
ENSMUSG00000060715,27,31,67,61,101,104.5,113.5,21
ENSMUSG00000026098,2384,1926,2727.5,2447,2604.5,2160.5,2877,2858
ENSMUSG00000100763,10.5,8,14.5,9,7,7,8,11.5
ENSMUSG00000026097,1053,991,1472,971,1095.5,759,1044.5,995
ENSMUSG00000100679,0,0,0,0,0,0,0,0
ENSMUSG00000026096,707,553,635.5,425,659,520,918.5,936
ENSMUSG00000099913,3,0,1.5,0,0,1,0,9
ENSMUSG00000101838,3.5,3.5,0.5,2.5,2,1.5,1,2
ENSMUSG00000026095,1170.5,889,1155,878,1194,965,1242,1430.5
ENSMUSG00000117809,0,0,0,0,0,0,0,0
ENSMUSG00000100267,0,0,0,0,0,0,0,0
ENSMUSG00000099450,0,1,0,0,0,0,0,0
ENSMUSG00000100069,0,0,0,0,0,0,0,0
ENSMUSG00000096141,70,63,82,195.5,210.5,187.5,191.5,157
ENSMUSG00000092657,0,0,0,0,0,0,0,0
ENSMUSG00000026094,1747,2694.5,3521.5,2532.5,3436.5,2363.5,3284,5528.5
ENSMUSG00000102405,1,0,0,0,0,0,0,0.5
ENSMUSG00000042807,158,178,989,1203,1247,406,552.5,970
ENSMUSG00000098443,0,0.5,1.5,0,2,0,0,2.5
ENSMUSG00000087949,0,0,0,0.5,0,0,0,0
ENSMUSG00000102868,0,2,0,4,1,6,7,9
ENSMUSG00000094013,1,1,0,0,1,1,1,1
ENSMUSG00000025983,60.5,47.5,96,38,19,40,45.5,150.5
ENSMUSG00000041303,8801,7711.5,10623.5,9175,10496.5,8362,7457,8616
ENSMUSG00000109809,0.5,0,0,1.5,1.5,4.5,0.5,1
ENSMUSG00000073678,6667.5,5796,7322,5879,9934.5,9667.5,7527.5,6312.5
ENSMUSG00000104136,29.5,24,42,45.5,55.5,78,28,32.5
ENSMUSG00000101130,1,0,0,0,0,0,0,0
ENSMUSG00000052331,113.5,280,311,113.5,146.5,79.5,101.5,218
ENSMUSG00000101674,0.5,3,1.5,4,0.5,0,6,6.5
ENSMUSG00000102503,1,2,0,1,1,1,2,2
ENSMUSG00000089245,0,0,0,1.5,0,0,0,0
ENSMUSG00000102642,2.5,8,1,4,1,1,0,2.5
ENSMUSG00000025982,54600.5,59217,64661,54339.5,49240.5,49842,45013,40393.5
ENSMUSG00000103030,6,32,17,2,11,6,12,19
ENSMUSG00000025981,1294.5,2385.5,1712,1103.5,1585,1263.5,1316.5,644
ENSMUSG00000101122,31,141,41.5,43.5,45.5,36.5,19,29
ENSMUSG00000025980,55732,53172,75729.5,76760,83931,92338.5,63924.5,37850.5
ENSMUSG00000073676,17913.5,15356,18445,16735,20201.5,19599.5,21723.5,16031.5
ENSMUSG00000100736,6,17.5,22,10,9,2,5,1
ENSMUSG00000089670,15,19,23.5,22.5,17.5,15,10.5,2.5
ENSMUSG00000025979,3992.5,3987,5545,4491.5,5216.5,3071.5,3999,5094
ENSMUSG00000061863,4.5,2.5,9.5,4,5,4.5,4.5,1.5
ENSMUSG00000025978,273,120,74,45.5,24,13,11.5,30
ENSMUSG00000097649,20.5,8,8,3.5,5,5,10,5.5
ENSMUSG00000046994,3321,3105.5,3341,2574.5,2437,1809,2134.5,1920
ENSMUSG00000025977,159,173.5,244,136.5,265.5,263,535.5,312
ENSMUSG00000100215,59,45,36,30,38,18.5,15.5,11.5
ENSMUSG00000101945,0,1,1,0,0,0,0,0
ENSMUSG00000101085,4,11,4.5,2.5,9.5,5.5,8,1
ENSMUSG00000038349,13.5,16,20,24,18.5,16,6,14
ENSMUSG00000102145,0,0,2.5,1.5,1.5,2,1.5,3.5
ENSMUSG00000100309,0,0,0,0,0,0,0,0
ENSMUSG00000102831,0,1,0,0,0,0,0,1
ENSMUSG00000099950,7.5,18.5,20,22,16,6,1,0.5
ENSMUSG00000102491,0,0,0,1,0,0,0,0.5
ENSMUSG00000100372,0,0,0,0,0,0,0.5,0
ENSMUSG00000100944,0,0,0,0,0,0,0,0
ENSMUSG00000101332,0,0,0,0,0,0,1,0
ENSMUSG00000045336,2,1,0,0,0,1,0,0
ENSMUSG00000038331,589.5,317,596.5,336,304,163.5,136,63.5
ENSMUSG00000087022,34,40,29,23,22.5,19,20,3
ENSMUSG00000104310,1,1.5,0,0,1.5,1,2,1
ENSMUSG00000094128,0.5,4,0.5,0,0.5,0.5,1,0.5
ENSMUSG00000099945,0,0,0,0,0,0,0,0
ENSMUSG00000101429,3,0,1.5,2,0,0,0,0
ENSMUSG00000101129,9,2,3.5,7.5,7.5,12,15,7
ENSMUSG00000097519,187.5,79.5,173,221.5,258,154,218.5,161
ENSMUSG00000038323,1696.5,751,1211,863,897.5,447,522.5,522
ENSMUSG00000048495,934.5,1015,1367.5,1130.5,1091,1051.5,906.5,957
ENSMUSG00000025971,1412,1714,1844.5,1334.5,1548,1225.5,1238,1286
ENSMUSG00000077776,0,0,0,0,0,0,0,0.5
ENSMUSG00000088353,1,0,0,0,0,0,0,0
ENSMUSG00000101826,6.5,13.5,12,0,0,0,0,0
ENSMUSG00000102685,0.5,11.5,9,0,0,1.5,0,0
ENSMUSG00000101151,0,0,0,0,0,0,0,0
ENSMUSG00000038305,1487.5,1180.5,1044,473.5,291.5,389,551.5,1117
ENSMUSG00000091283,3,1.5,1,1.5,0.5,0,0.5,5
ENSMUSG00000054770,1497,1316,1868,1458.5,1198,1034,1196,1879
ENSMUSG00000026039,5807.5,4510.5,5662.5,4613,4902.5,2824.5,2656,3134
ENSMUSG00000063558,331,146.5,154.5,355,251.5,67,78.5,141
ENSMUSG00000064294,2057.5,2017.5,1796.5,1519,867,160.5,23.5,3.5
ENSMUSG00000089275,0,0,0,0,0,0,0,0
ENSMUSG00000038242,33,46,48,100.5,189,135,154.5,38.5
ENSMUSG00000089822,0,0,0,3,4,3,4,0
ENSMUSG00000079554,7,6.5,11,7,8,4,7.5,1
ENSMUSG00000103839,78.5,41.5,63,56,67.5,55,26,40
ENSMUSG00000051223,36734,43309,51867.5,39258.5,43367.5,44324.5,35300.5,28009
ENSMUSG00000026034,10052,12721,11077.5,9834.5,8371,7221.5,7153.5,7680
ENSMUSG00000026035,1841.5,1657,2219,2144,2321.5,2129,2796.5,2141.5
ENSMUSG00000026036,4086,3507.5,4980,4516,5271.5,5492.5,6041.5,3492
ENSMUSG00000026037,8511.5,8901.5,12731.5,11769.5,15487,13671,13961.5,8996
ENSMUSG00000094245,5,15,7.5,6.5,5,6,5.5,3
ENSMUSG00000085054,103,68,70.5,87.5,170,97.5,39,57
ENSMUSG00000038174,2755,3452,3402.5,2639.5,2868.5,2075.5,1854,1814.5
ENSMUSG00000026032,2574,2100.5,2545,2287.5,2884,1903,2336.5,2458
ENSMUSG00000100202,0,0.5,0,0,0,0,0,0
ENSMUSG00000099490,0,0,0,0,0,0,0,0
ENSMUSG00000059647,16,10,7.5,9.5,16,9,16,11.5
ENSMUSG00000047528,20,13,39.5,18,20,7,1,2
ENSMUSG00000102059,1.5,1.5,6.5,1,0,1,0,0
ENSMUSG00000101046,0,0,0,0,0,0,0,0
ENSMUSG00000026031,662.5,443,488,443,558.5,424,533,1008.5
ENSMUSG00000100236,0,0,0,1,0,0,0,0
ENSMUSG00000026029,597.5,797.5,849.5,434,433.5,136,118.5,157
ENSMUSG00000102719,19.5,36,51,72,39.5,59,37,13
ENSMUSG00000099719,0.5,3,3,5,1,0.5,0,0
ENSMUSG00000026028,5024,5434,5674,4801.5,4694.5,3069.5,3119,2826.5
ENSMUSG00000026027,669.5,477.5,653.5,479.5,433.5,225,310.5,709.5
ENSMUSG00000072295,120,72.5,119,99.5,144.5,145,62.5,3.5
ENSMUSG00000047383,0,0.5,1,0,0,0,0,0
ENSMUSG00000099752,0.5,0,0.5,0.5,1,0.5,0.5,1
ENSMUSG00000077616,0,1,0,0,1.5,0,0,0
ENSMUSG00000038079,1093.5,719,837,888,1036.5,939,1878.5,2248.5
ENSMUSG00000097573,13,20.5,21,5.5,10,20.5,38,62
ENSMUSG00000079550,22.5,34,20,13,18,45,35.5,27.5
ENSMUSG00000101586,63.5,89,66,44.5,55.5,42,39,39
ENSMUSG00000099563,13,2,2,4,4,1.5,0,0
ENSMUSG00000026024,9013.5,8537.5,11204,10055,10973,9298.5,6715,5468
ENSMUSG00000026023,9.5,13,7.5,3,10.5,9.5,8.5,6
ENSMUSG00000099922,7,2,7,15,31.5,8,1,1
ENSMUSG00000104502,7,9.5,78,143,421,275.5,82,32.5
ENSMUSG00000041075,4335,1325.5,6493.5,6282,11909.5,11875,11879,14774.5
ENSMUSG00000097819,46,27,123.5,89,136.5,141.5,159.5,239
ENSMUSG00000047361,164.5,126,89,136,364,366,250.5,59
ENSMUSG00000099811,0,0.5,0,0.5,0,0,1,0
ENSMUSG00000101409,0,0,0,0,0,0,0,0
ENSMUSG00000026021,8631,10275.5,12520.5,11139.5,12090,8995,10072,7891
ENSMUSG00000089276,0.5,0.5,0,0,0,1.5,0,0.5
ENSMUSG00000103821,78,137.5,118.5,81,90,100,44,58.5
ENSMUSG00000101400,2.5,3,3,1.5,6.5,6,12,13
ENSMUSG00000026020,27582.5,33123.5,45766,39650,36693,32171.5,36928,28130
ENSMUSG00000077345,18.5,24,30,20.5,30,30,22.5,43
ENSMUSG00000077358,0,0,0,0,0,0,0,0
ENSMUSG00000089512,32.5,62.5,39.5,35,35.5,21,24.5,26.5
ENSMUSG00000089093,26,40,36.5,44,34.5,31,28,29.5
ENSMUSG00000067336,2824.5,2371,2543.5,1897,2608.5,2174,2591.5,3104
ENSMUSG00000104052,3,13,10,6,7,14,8,20
ENSMUSG00000103131,1,1,1,1,0.5,0,0,0
ENSMUSG00000041040,3763.5,2458.5,3231.5,2776.5,3644,2450,2194,2391.5
ENSMUSG00000103696,34,55,32.5,50,55,48,16,29.5
ENSMUSG00000100901,17,17,18,13.5,12.5,13.5,6.5,13
ENSMUSG00000026018,113,94,116,125.5,98,57.5,40,67.5
ENSMUSG00000026019,8708.5,7056,10344.5,9880,10747,11588,14163,8736
ENSMUSG00000026017,1000.5,637,543.5,477.5,599,421.5,679,1162.5
ENSMUSG00000082609,8,13,9.5,8.5,5.5,5,4,13.5
ENSMUSG00000073664,9462,6896.5,7175.5,5911,6488,5336,6699,8370
ENSMUSG00000100516,0,0,0,0,0,0,0,0
ENSMUSG00000049439,3328,2600,2734,2057,2811,2723.5,3834,2609.5
ENSMUSG00000103822,15.5,11.5,13.5,11,13.5,19,19,21.5
ENSMUSG00000026782,5768.5,4683.5,6641.5,6292.5,7765.5,9348.5,10294.5,8823
ENSMUSG00000026014,5321.5,3073,2584,3134,4424,3140,2877.5,3153.5
ENSMUSG00000081562,11,10,14.5,11.5,10.5,7,10,10
ENSMUSG00000084400,4,1.5,0,2.5,2,3,4.5,0
ENSMUSG00000082160,3,1,5,10,3,0,2,1
ENSMUSG00000103215,0,0,0,0,1,0,0,0
ENSMUSG00000088973,0,0,0,0,0,0,0,0
ENSMUSG00000084151,0,0,0,0,0,1,1.5,0
ENSMUSG00000101188,1052,1094,1318,1097.5,1288,963.5,1112,817.5
ENSMUSG00000026012,0,2.5,4,3,5.5,3,0,0
ENSMUSG00000086795,4,16,4.5,9,36.5,12.5,0.5,1
ENSMUSG00000085965,1.5,3.5,1,5,4.5,4.5,0,0
ENSMUSG00000104069,1,1.5,0,2,6,0,0,0
ENSMUSG00000083118,0,0,0,0,0,0,0,0
ENSMUSG00000083355,2.5,3,3,1,2.5,5,4,0
ENSMUSG00000102549,2,1,1,1.5,5,3,1,0
ENSMUSG00000026011,1,0.5,0,0,0,0,0,0
ENSMUSG00000081382,65,37,62,42.5,30,48.5,80,58
ENSMUSG00000080800,0,0,0.5,0,0.5,0,0,0
ENSMUSG00000026009,0,0,0,1,2,11.5,10,0
ENSMUSG00000102561,0,0,0,0,0,2,0,1
ENSMUSG00000082804,2,1.5,1,3,1,0,1,2
ENSMUSG00000082661,0,0,0,0,0,1,0,0
ENSMUSG00000080785,0,0,1,0,0,1,0,0
ENSMUSG00000100893,0,0,0,0,0,0,0,0
ENSMUSG00000085248,0,1,0,0,0,0,0,0
ENSMUSG00000085447,1.5,0,0.5,0,0,0,0.5,3
ENSMUSG00000086408,1.5,1,1,0,0,6,3,8
ENSMUSG00000089546,0,0,0,0,0,0,0,0
ENSMUSG00000100965,0,0.5,0,0,0.5,7,0.5,0.5
ENSMUSG00000102168,0,0.5,0,0,0,0,0,0
ENSMUSG00000100381,0,0,0,0,0,0,0,0
ENSMUSG00000086009,0,0,0,0,0,0,0,1
ENSMUSG00000052062,126,99.5,68,59,58.5,26,83.5,241
ENSMUSG00000103656,5,4,9,1,4,1.5,7,12.5
ENSMUSG00000104402,1,3,6,6,4,6,10,4
ENSMUSG00000104081,2,0,1,1.5,0.5,2,3,3
ENSMUSG00000085842,4,2,3,1,1.5,4,4,6
ENSMUSG00000103002,0,2,5,0,0,2,1,3
ENSMUSG00000100344,0,1.5,0.5,0,0,0,0,0
ENSMUSG00000101509,0,1,1,0,0,0,0,1
ENSMUSG00000085019,1,2.5,0,0,0,1.5,0,1
ENSMUSG00000102359,2,3,0,0,1,0,0.5,2.5
ENSMUSG00000085400,0,1,0,1,0,0,0,0
ENSMUSG00000100750,1,5.5,5,5.5,1,1,0,1
ENSMUSG00000081950,1.5,1,0.5,0.5,0,0,0,0
ENSMUSG00000084333,12,8,7,8,3,8,15,10.5
ENSMUSG00000025969,2207.5,3123,19643.5,6252,1162.5,134.5,179,134.5
ENSMUSG00000100811,0,11,2,0,0,0,0,1
ENSMUSG00000103032,18,63.5,67.5,36,10,0,0,1
ENSMUSG00000100426,0,5.5,11,1.5,0.5,0,0,0
ENSMUSG00000040865,9172.5,8804,10005,7525.5,6011.5,5313.5,5001.5,5778.5
