"","ENSMUSG00000000730","ENSMUSG00000003031","ENSMUSG00000005566","ENSMUSG00000006205","ENSMUSG00000006311","ENSMUSG00000008999","ENSMUSG00000010660","ENSMUSG00000014846","ENSMUSG00000015053","ENSMUSG00000020303","ENSMUSG00000021255","ENSMUSG00000021256","ENSMUSG00000021477","ENSMUSG00000021939","ENSMUSG00000022286","ENSMUSG00000022382","ENSMUSG00000022528","ENSMUSG00000023333","ENSMUSG00000023990","ENSMUSG00000024140","ENSMUSG00000028195","ENSMUSG00000029556","ENSMUSG00000029646","ENSMUSG00000030551","ENSMUSG00000031326","ENSMUSG00000031844","ENSMUSG00000031995","ENSMUSG00000032487","ENSMUSG00000037664","ENSMUSG00000038151","ENSMUSG00000039191","ENSMUSG00000039329","ENSMUSG00000039337","ENSMUSG00000042357","ENSMUSG00000042367","ENSMUSG00000045005","ENSMUSG00000046179","ENSMUSG00000046352","ENSMUSG00000049382","ENSMUSG00000050953","ENSMUSG00000052837","ENSMUSG00000052854","ENSMUSG00000053113","ENSMUSG00000056501","ENSMUSG00000057615","ENSMUSG00000092035"
"ENSMUSG00000000730",0,0.114668697704788,0.0238214386448293,0.00282405562041879,0.00730031525422094,0.0147478283865478,0.0372919267757358,0.0358501204125556,0.0129380007404977,0.00776305029275807,0.00369588605715442,0.010413152033343,0.0378606489166374,0.00679419170072342,0.0409114018930619,0.0115822400482577,0.0126488075780104,0.00715931356785383,0.00782345670502149,0.0432992934563938,0.0123420878807566,0.0187721424644413,0.0171251186212242,0.0284279328639439,0.113977647292445,0.0127987398318636,0.105573243960713,0.00957854836296431,0.0227390491841476,0.0265247893648826,0.0140446889555962,0.0171726992737612,0.043389301568027,0.0107530744290729,0.00542467721082356,0.00803407548049691,0.055878158489371,0.00297040878338405,0.00603231501753565,0.00440426847724058,0.0332677041533299,0.00397540509101911,0.020046474666245,0.00460868058012288,0.0410359262586618,0.0374874959977939
"ENSMUSG00000003031",0.0232570950321103,0,0.0809761389774651,0.0054057079197085,0.0146133237133029,0.00600828172947261,0.0113321476416701,0.0152669560188411,0.0037096358586411,0.0156118739020841,0.00455462239732705,0.0145009907698602,0.016265502125944,0.00455973377309914,0.0149140073829489,0.00715673317297119,0.00390141161407857,0.0109075565223388,0.00505646126112933,0.0230548702505605,0.0309020859562931,0.00761849732404413,0.00392840627004641,0.00961932315136075,0.00846146954038188,0.0064214549743718,0.0733721052936978,0.00370057913352356,0.0183046322774153,0.0104669282093625,0.013911260050938,0.0260207884884103,0.0642359109704261,0.00651784613673427,0.0037302169842531,0.00442456571796085,0.033174799183026,0.00539406242540534,0.0587709154866573,0.0187815689124031,0.0135565255472026,0.00864393799368405,0.00386743778384053,0.00660120971122455,0.0483607215024577,0.0222876889817133
"ENSMUSG00000005566",0.0286659763721019,0.0787360115011523,0,0.0130526735678672,0.00854730591686331,0.00273200401307779,0.00418860425189464,0.017943918544701,0.00343872878912224,0.0395559352416059,0.00544555282079387,0.0330045652971804,0.00507874585036555,0.00184628221296762,0.00298981101860607,0.0103063728020193,0.00889317111980144,0.00479103705847478,0.00554655446220385,0.0880048331447181,0.0146115014443546,0.00697167686605878,0.00517794957879963,0.0023991382129764,0.0101753842813942,0.00590304856313923,0.0188805498092072,0.00833603187082677,0.00569703481500786,0.0085565096049225,0.0371351248179161,0.0670047161510606,0.0938870537666067,0.0037219999066484,0.00348383873582532,0.00339147489894911,0.00862546629666741,0.0346783341075732,0.0161018278418592,0.0219418831226625,0.00847236715421494,0.0116818518323132,0.000736757645034649,0.0233415148333121,0.134580602081688,0.0578497276264827
"ENSMUSG00000006205",0.00638675446000254,0.00562239830965857,0.0171687481181775,0,0.0104545562031967,0.00139384113697032,0.0101637577763811,0.0122998856156483,0.00140172209410946,0.0500812265593699,0.0760734593631749,0.100535539098877,0.00404826829149007,0.00495645322825736,0.0115559134855323,0.163693655284073,0.00372082978065955,0.0206838357522971,0.00928648969878041,0.017220784034053,0.0168043631121641,0.00347697886738283,0.00465055904625437,0.00365863615929116,0.00978022137048574,0.00517087543275806,0.00565628912361573,0.011534143645855,0.00998752361785565,0.0134532111475067,0.0312387240626154,0.025703222458607,0.00513738595872882,0.00627333141194749,0.0121053744710698,0.00676141981482485,0.00220356082669464,0.0957402374190345,0.0135505199108815,0.0370628662688888,0.0019079671575427,0.0769559080142968,0.00132262072922147,0.10682819412099,0.0193165196411078,0.0205896543573015
"ENSMUSG00000006311",0.0133925305918835,0.0101065657425374,0.00486452702949357,0.00901827365689073,0,0.0211164377957565,0.00695711928296913,0.022521520140371,0.00500167120515992,0.00637522789921039,0.00606530608683195,0.0150706463524333,0.0192201278624204,0.0251892301030704,0.00626944998106136,0.00705393238025791,0.068026592457728,0.0849742923778603,0.0124595377574449,0.00462413127863457,0.0116016242229756,0.0218160577260371,0.0797888573355039,0.0199138653853571,0.00699369800245487,0.00868053062744468,0.00733119505916357,0.0587407989234175,0.00485113304573814,0.0192785091858802,0.0067327696455739,0.00615310362655793,0.00341698642510963,0.0150075887139182,0.00469409456855416,0.025989631856091,0.00754177957051599,0.00818081904487126,0.00584139500456122,0.0055099860437266,0.0592146488116044,0.0139263592033684,0.00882417267403169,0.0076933378928799,0.00651400375503428,0.00919612237393977
"ENSMUSG00000008999",0.0140820504533288,0.00295601226725909,0.00351420595076067,0.0152723242230408,0.0178318227324187,0,0.0665839782859968,0.00882907927474398,0.0522150058061089,0.0129776869063739,0.0865463426198068,0.0366361913888478,0.0320677559049831,0.0528599457477756,0.0673504063082332,0.0132530100313037,0.0234346174805722,0.0250522053522519,0.068179479402132,0.00337739254205915,0.00697003581755846,0.0479053821434616,0.0204527917843141,0.045381532535017,0.00843024696076243,0.0617123314459162,0.0243529101979019,0.0127878871585406,0.0821619276904648,0.0148184451022908,0.00577615775682291,0.00289748417354441,0.00415856698143643,0.0499385928557046,0.0752094496141058,0.0428371109683297,0.0257861174851222,0.00541795866167703,0.00608212683250716,0.0237386886776724,0.0148095826260744,0.013335855202834,0.0357870382458648,0.00509427370971953,0.00537931606541124,0.00926908602717836
"ENSMUSG00000010660",0.0276039296390314,0.0112556286362438,0.00698239928439445,0.00923690253514717,0.00804540821821326,0.00970128165285376,0,0.0208047706273983,0.0162521568936457,0.00823887680744955,0.0194158392970363,0.0397587683866126,0.0934534691040024,0.0127193245555575,0.0498749029623084,0.0457352285208239,0.00885971440476386,0.0160164161423094,0.012538848589841,0.0038618667043464,0.00806091919073591,0.0101763482120576,0.00498270191123796,0.0173196114257318,0.00967150562347262,0.0170288171559019,0.0149108789000767,0.00638383439635574,0.104600657487243,0.0127435085634728,0.00390670314831325,0.00472735497179798,0.00439398120645538,0.0103066712557273,0.0182668913077542,0.00651216007668316,0.123422975421146,0.00375164365157411,0.00161272804483674,0.0143403728401351,0.00537289506044499,0.0127282776986052,0.0206642244192947,0.00344442365953451,0.00640483723807141,0.00822362711686334
"ENSMUSG00000014846",0.0231420815548628,0.0337708265317835,0.0205431988582895,0.00557957268141662,0.00811954878978317,0.00276468895486007,0.0120586078474536,0,0.00324613082227037,0.00951360755695211,0.00319801289736381,0.0061082729237032,0.00781352013914592,0.00145672834844435,0.00284689050042208,0.00872083479321042,0.0146462740412248,0.00531478027901211,0.00367898794088334,0.0186381654021975,0.0148668783981241,0.00542943021311712,0.0297398924999375,0.00260935842047921,0.0523808179890112,0.00596974349934832,0.0258756639753633,0.0147023910403084,0.00552904657999006,0.0115539431184813,0.0146061073596033,0.0253137433327583,0.0208204998085459,0.00321177899218218,0.00151938390537277,0.00163407371982089,0.0134706217911322,0.00636610378945921,0.00913196064668324,0.00604178331445152,0.0229411529228942,0.00881502132236927,0.00252541749446526,0.0105049113816334,0.0152008618680749,0.0112795384648676
"ENSMUSG00000015053",0.0413755438308543,0.00392886795960829,0.0104917517546114,0.00548743719158249,0.0147104652709194,0.0502307404067902,0.0143712236931286,0.0315936585468367,0,0.00356278426182609,0.0254296822725318,0.00357870780541749,0.0249889739757932,0.0482870887056898,0.036946742576254,0.0125588024275702,0.0175490419156214,0.0237326293020427,0.0394984458941864,0.0188393463198798,0.00383188981972744,0.0458772941036152,0.0357137657050154,0.0432041087603122,0.0842745145015943,0.0510560929627625,0.0198314030396446,0.0107746773331126,0.0139498176298011,0.0190807600235884,0.00718111004716268,0.00653254785535263,0.00668215283770429,0.0559888701502734,0.0682093844006071,0.0502681713314585,0.0193987715941734,0.00215498386921549,0.00375243824867284,0.00620334646769406,0.0116796346929228,0.00760942273440238,0.0493397732449935,0.00469307386709965,0.00661531324919582,0.0134529066608155
"ENSMUSG00000020303",0.00478425104904056,0.01364574148035,0.0374427173359528,0.100405088795797,0.0235930218001114,0.00389841736206722,0.00940426256827506,0.0266647362426836,0.00251470113948072,0,0.00684331997656943,0.105360427548659,0.00123615917958235,0.00528561673304655,0.00276181581958159,0.0639105078549551,0.00170011343836436,0.0257687339787496,0.00733484451738612,0.00859269514009975,0.00425924130560433,0.00264511078051513,0.00367078563103228,0.00290773101112317,0.0130415524748166,0.00662880380991864,0.00817000983054619,0.0123794713928125,0.00689410980606117,0.0156530474902297,0.0369232266197839,0.0891307227300212,0.0189874704267379,0.00676191254419709,0.00634640308449936,0.00563367176577267,0.0038160897837716,0.0425113348089026,0.0026365044971552,0.00207265318542823,0.00398105368686742,0.0635649834934421,0.00342928498009245,0.0512684892373414,0.0612118337756732,0.011785538246959
"ENSMUSG00000021255",0.00461495447632924,0.00769001378413857,0.0044870523127667,0.0272520180508504,0.0206452644465098,0.0518009181777116,0.0134123226519528,0.00779934786490985,0.04746209553174,0.00878405223173285,0,0.00795857182116505,0.023253304783355,0.0497485403705726,0.0288800528822089,0.0069395205270448,0.0158205309180148,0.0370240540056889,0.0539951120349079,0.00484931700443625,0.0527485934911322,0.039820387677435,0.0183479898370559,0.055508352861873,0.0076021463531674,0.0333054196540937,0.0347767913966743,0.0190513175520737,0.0133292293710107,0.021690331891575,0.0124219238040997,0.0151056429548944,0.00484810424038999,0.0503548377420853,0.0612199340858557,0.0525575721888897,0.00998592905968993,0.0582120824147818,0.0484425464857921,0.0643267278586585,0.0112375147452647,0.0167754928152368,0.0446747789960371,0.0332041805705368,0.0033217111056474,0.0108116165191722
"ENSMUSG00000021256",0.00420994269818963,0.00681153251281502,0.021628456802202,0.1207355817388,0.0200579110629256,0.00128127306570523,0.0357221098492455,0.0140966239329377,0.00162829142157532,0.0397506862052685,0.00621162291699909,0,0.00479373555545995,0.00370132839863969,0.0101549408537723,0.0423531039939412,0.00412906612743318,0.0337181435179948,0.00453335476876252,0.0034059878321019,0.00851066895986839,0.00239976069798512,0.00433080912982264,0.00404930126307551,0.00558344999225132,0.00152521182810408,0.00543684503449702,0.00617430280156138,0.025682477711752,0.0126458173379288,0.0308079736738783,0.00290328747583234,0.00526656954414209,0.00461284551206686,0.00678633326234679,0.00465722116013629,0.00503292667433945,0.00289158817989611,0.00497332676535885,0.0075156380189444,0.00311625481320658,0.0838260573391031,0.000491048654205027,0.00362092473555056,0.0144321866267569,0.0104787080591398
"ENSMUSG00000021477",0.0583673341893221,0.020042370199928,0.0101212403509931,0.00665880836783308,0.0192595996848209,0.0621587064489861,0.0890771172406838,0.0161189395067399,0.0164782686457018,0.00625658376654376,0.0118533355843775,0.0103498003850524,0,0.0464948784961008,0.0780945292439569,0.0146798790905147,0.0708739559927337,0.0215922874841953,0.0331470331342346,0.00572955808065818,0.00601967651393271,0.0266093209742595,0.0729365850263705,0.0461794807021749,0.0296250262087885,0.0502510084922839,0.00683357190442451,0.0467669414117529,0.079927225788421,0.0239957057424184,0.00843625024483975,0.00275529227658381,0.0173118677069015,0.0298700030821819,0.0276251362702483,0.039226091909886,0.108913668845592,0.00447105688493739,0.00598343481291805,0.00793106915236048,0.0537024798237313,0.00674476912353645,0.0160670799017552,0.00557299288462981,0.00536998083853123,0.00744875261899995
"ENSMUSG00000021939",0.00550509890549175,0.00732873758840809,0.00500039999053338,0.0152513635626559,0.0353111893204486,0.0575798471013026,0.0458842210808057,0.0064385249254689,0.0390992461475531,0.00702273982599228,0.0790407287787958,0.0149242317568705,0.0340953737152298,0,0.0446312796881697,0.00989957542239648,0.0245665524871579,0.0647669825898477,0.0629918299896202,0.00421211041963884,0.00732828186756855,0.0582623324001894,0.0368360668880877,0.0527113482599803,0.00518744358727899,0.0446909893681247,0.0132723319091201,0.0253878358977992,0.0515024292296664,0.0065432875840002,0.00520451789776209,0.00254455154220687,0.00434517548755308,0.0338994726477957,0.0733225917064755,0.0603237899877501,0.0332227636150779,0.00303536772539125,0.0046698453567584,0.0273503857270008,0.0187800055947272,0.0138999987617565,0.0191848108868269,0.00992715408000134,0.00368457090771342,0.00533514009220167
"ENSMUSG00000022286",0.0267357555179693,0.00763001532839389,0.00679252694201206,0.013009515422721,0.0157307162759267,0.0424082138872345,0.0890915427010535,0.0160041696686527,0.0218176117303853,0.00659621349891521,0.0619124947371108,0.023990481132391,0.046045676534668,0.0474233016998993,0,0.0137143860613763,0.0485514041860305,0.0243819325187362,0.0485976338177635,0.0074970400093526,0.00542892111363107,0.0194110088641904,0.125115144578793,0.0367615630303,0.0387485350577648,0.0574555123752604,0.0135618214405342,0.0375470677155643,0.0989209943584098,0.0264427727138438,0.00229745916650084,0.0139747226962606,0.0212647297258931,0.0273763626669283,0.0618095289681449,0.0531212289567616,0.0516470196932215,0.00325925139448792,0.00651871631957381,0.0194694515940778,0.0476427035001826,0.0154936521881544,0.0237213960814128,0.00625688331387158,0.00649299359336209,0.0140652826251903
"ENSMUSG00000022382",0.00505209883632222,0.00856620228225327,0.0349245063885582,0.113020652251526,0.0061950946957108,0.00129655013772533,0.00590653030279553,0.00964861149218073,0.00141982707718825,0.0203042603230683,0.0040520590213224,0.102389937496154,0.00384150017274586,0.00403974925595639,0.00277126171766979,0,0.00213916044315727,0.00417345618693706,0.00539359580571788,0.00758237335060419,0.00576998239779033,0.00312010333126929,0.0119776333144799,0.00387568354836455,0.00654462077457351,0.00565776634096785,0.00357799219519701,0.00948355094687413,0.00253719510948958,0.0186110814615084,0.0603749296007504,0.00382483755279217,0.00587380035379711,0.00432950266343403,0.0051372862553533,0.00338969852547196,0.00293990844240549,0.00566342497077512,0.00701540987580432,0.0036292408380567,0.00634227049526542,0.0685185043758214,0.000758863469415021,0.00536924043792184,0.0363348539327942,0.0214356765453567
"ENSMUSG00000022528",0.131433964591849,0.0154720766270572,0.0226073187775282,0.00586864198843302,0.0143296284021654,0.0383918765335336,0.0137059479370297,0.0425353071425618,0.0173264702798211,0.00572149928712027,0.007161270138398,0.00479720754438749,0.0450343020770743,0.0385796614753948,0.042004559781852,0.0095060914745326,0,0.0161828518313918,0.0292724919108297,0.0302702607055718,0.0131175455599715,0.013323602765587,0.074866990958331,0.0256033028129422,0.100699499763065,0.0464024823957401,0.00761671172872802,0.143816606754243,0.0249441209342107,0.0154507223258846,0.0073421057812082,0.00831258905960497,0.0267315697593387,0.0148755050405848,0.0316821733122353,0.055441959615275,0.0494456540294147,0.00364644678106208,0.00421949266581064,0.00308920183960907,0.147831008848112,0.00509553552491037,0.00631543765654376,0.00519863840051058,0.0161114355477947,0.0141483316046819
"ENSMUSG00000023333",0.00488282803825791,0.0107636916315776,0.00509827806832786,0.00572258177560645,0.141654741312838,0.04180539837471,0.00668755669787318,0.012278383815709,0.0609089866101258,0.0138344146593421,0.0181777287166185,0.00935760861808623,0.0148573530321168,0.0455325302254339,0.00670591691605993,0.00841926905812936,0.0278521374010041,0,0.0318198228207335,0.00609009174835177,0.00569590182539946,0.0663160710703412,0.0230960145393028,0.0455740334926597,0.00402103417156933,0.0232447983215603,0.036216207174587,0.0102612558235631,0.0125758807379636,0.0215910539066404,0.00635710185922709,0.00578262919980749,0.00802794321177217,0.0492061594740865,0.0194029828479861,0.0344780292103509,0.00662539492870268,0.00775688207662356,0.00485429219033721,0.00707608088442392,0.0191855270448414,0.00997970102812695,0.0740035929449525,0.00980220792582861,0.00541915260473252,0.0117363355787219
"ENSMUSG00000023990",0.00457200659734599,0.0061419577861012,0.0086462256243379,0.0165400633823826,0.0177759078677439,0.0426780612279256,0.0162194305737229,0.0150362042157044,0.0326052686635395,0.00523971643007633,0.0758024842494306,0.00986380248480401,0.0217551306782707,0.0573319850742378,0.0316778490435181,0.0105298562073103,0.0219432335201505,0.0327064159285736,0,0.00453118269538609,0.0544784578165562,0.0224334723022254,0.0313191021130326,0.0279005281375853,0.00391566443874048,0.0595807429557929,0.0149998782079536,0.0156293736552401,0.017737746448486,0.0164079854166752,0.00741605856085898,0.00710493069049999,0.00461952447750793,0.0502335327908008,0.0617888870319854,0.0494073414616053,0.0132976445948869,0.0306058744111618,0.0452155042765519,0.0804913925270018,0.0146178884610155,0.0195746603570416,0.0439814411866764,0.011496619564444,0.00366918364774077,0.0153179203723477
"ENSMUSG00000024140",0.0576109755493131,0.0270527956458426,0.0819453172374123,0.00596945355656635,0.0117888494215463,0.00328127434688207,0.0101258771816854,0.0571368449727574,0.00120055770034647,0.0310175593035604,0.00440655495040758,0.0125098102891683,0.00532121339383295,0.00215194755551988,0.0043348237438675,0.0104844358226534,0.00379483264127873,0.0108948891718559,0.00385356414022397,0,0.0594217131549302,0.00618504479268687,0.00899792829339092,0.0034895894850462,0.0323588772442932,0.00184299581889521,0.0178155358735985,0.00369741644341242,0.0044181586779081,0.03527045201573,0.0813427509542087,0.0341609714406198,0.072321423645645,0.00325138126345995,0.00410262144699995,0.00131757711242066,0.00631472285097678,0.122584531073905,0.0579962646675099,0.0517646771662826,0.0136841200900181,0.0159899506093871,0.00145448305935061,0.116618947438931,0.0867906442822003,0.0925551044688494
"ENSMUSG00000028195",0.00618132955632363,0.00910302600506731,0.00534675457914589,0.00565440122034771,0.00662720156703923,0.00583349525748714,0.01347913827127,0.00759341114307164,0.0328491349145684,0.013026066027454,0.00534525778523426,0.0169225826945977,0.0114847843421556,0.00419563198897655,0.00668783951813364,0.00833776714984915,0.0124018479927476,0.00751306888135157,0.00911065018241886,0.00314049991406807,0,0.0164442064280794,0.00529133550041072,0.00720547062799251,0.00407667864413034,0.0142975412715657,0.0215406663309443,0.0273052990021817,0.00578346603269571,0.167519907784027,0.00327364771776296,0.00751998044489367,0.00242360332656236,0.0236294544386449,0.00260304308504587,0.00497974814945335,0.00512760620144646,0.00696434893790157,0.0984429376535177,0.0512157288288648,0.0304972347457211,0.0451959446939309,0.0501369417669111,0.00443804293507658,0.00516893420565358,0.00838638706223533
"ENSMUSG00000029556",0.0044623565300004,0.0212996536206474,0.00661171995622523,0.00290013222275586,0.0382042362247637,0.0249146221806479,0.003486916548726,0.00941255866227209,0.055365590396049,0.00734228689591376,0.00768992264199584,0.00488372133593222,0.00864838290969071,0.0203497027336655,0.00302514785905937,0.00502920007653915,0.00751831740198329,0.0367164312812237,0.0153973742392473,0.00328048044225143,0.0570651777382077,0,0.00790183638594153,0.0455709139050959,0.00436756349085013,0.0223354233878726,0.0243274406836986,0.00673592010878641,0.00416087699873439,0.0414617295760976,0.00366265770438814,0.0146696883470498,0.00662939792543765,0.0402221317546356,0.00849554488850031,0.015739846261333,0.00439581076031334,0.0238962331988918,0.056502052971683,0.0525926502909768,0.00549744977105623,0.0232895298539855,0.0279068626456836,0.00979226388166865,0.0114343420202427,0.00510797039667771
"ENSMUSG00000029646",0.00814334002973874,0.00536059355244057,0.0105619144584286,0.00390895736643805,0.0156316652224397,0.00733838657256396,0.00335637495792845,0.0473203355137402,0.00744911204051789,0.00453062129921236,0.00391119465986714,0.0104127046233265,0.00851004220294001,0.00994511643821084,0.00564591946932445,0.00872090565707885,0.0493700688839742,0.0238253358381217,0.0101919849481843,0.021739419560482,0.0148186855906663,0.00487246851723503,0,0.00800006509014699,0.0148928482163054,0.0145503840928997,0.00281300332627708,0.037158647746012,0.00505846683222927,0.00691833555976742,0.00687476591795043,0.00541508939852006,0.0030777415085745,0.0123211180283469,0.0137109634996389,0.00971961926030783,0.00399299594440263,0.0019325241662732,0.00523182593731563,0.00327337856829762,0.046283877212464,0.0186359568626883,0.00795986324855474,0.00313025896717117,0.00323964956643097,0.00809994177376745
"ENSMUSG00000030551",0.0115907931106448,0.0218670162127281,0.00868326903626577,0.00518958402127279,0.0247955480148206,0.0451215127783799,0.0337107604926999,0.011808759510647,0.0317153248170058,0.00468934005142181,0.00628199562304306,0.016546291487694,0.0348957176246684,0.0547929072065176,0.0122086478765733,0.00542675504503312,0.0381972213489039,0.0239862144518429,0.0272251280234468,0.00434060871102459,0.00571055089989074,0.0585470961074707,0.0275236746745871,0,0.00430788134046882,0.0178955392717434,0.0176414754254875,0.0165707260635034,0.0183863103176981,0.0118861519566102,0.0058020136651449,0.00278911204043348,0.00455530728617536,0.0325045090043727,0.021354907528289,0.0432266581438387,0.0276841166540536,0.00340109455047503,0.00356332617845851,0.00517251673025707,0.0202499810563492,0.00809210551141531,0.0187539863697098,0.00580195889956001,0.00404752588111597,0.0103569641107369
"ENSMUSG00000031326",0.047431062163212,0.00797529508001486,0.00904511523959403,0.0041423478198344,0.00945303401200196,0.000895714408978736,0.00465668962565694,0.0885538012829204,0.00162943909205949,0.0336443581343257,0.00254005414695633,0.00343790258014097,0.00567249660092137,0.00125845353164453,0.0142235156174507,0.00875384025616527,0.00649022819648168,0.00410355585903267,0.00199745673919381,0.0136349285812178,0.0315840582179489,0.00312841790024594,0.00473165229180352,0.00122177249033226,0,0.00180720830455343,0.0185413956062824,0.0177634837363136,0.0190511445495953,0.0229358141764287,0.0113722852731897,0.0649911213505462,0.021167017550042,0.00036486327385578,0.000826077503003069,0.00117690868101259,0.0103948073458251,0.0282703019732104,0.0257198511889621,0.00867696062059046,0.0087325959422579,0.00715433151498881,0.00232893806356748,0.0316553920715132,0.00866265085117217,0.0106856774756457
"ENSMUSG00000031844",0.00755440913824508,0.00620054872286077,0.0103108001604174,0.00784478173401468,0.0418431709825493,0.0397341222961836,0.00917332270516186,0.00868846043911979,0.0619191754572022,0.0739153798550639,0.0262237404032462,0.00389978944824577,0.0192134894331349,0.051965708645108,0.0257754374647602,0.0143562959223954,0.0131016139118632,0.031959604222597,0.049999667627966,0.00463428577916524,0.00570623289148307,0.0360161751112893,0.0281298910031962,0.0447830499770242,0.00401077977130805,0,0.0239316228669057,0.0149188902830608,0.00783623042801057,0.013471224934353,0.00446305284515145,0.0085348881738912,0.00319172247952696,0.037638129557667,0.0555684018605403,0.0457512703890216,0.0128016048833723,0.0368524887643086,0.0066578044993319,0.00738027954848585,0.0155737457264775,0.00861160085248792,0.035015242504897,0.0412017575271887,0.00617362569130732,0.0193979874484631
"ENSMUSG00000031995",0.0314867846385603,0.0837210877581042,0.0290531754681217,0.0045908215665018,0.00693980878784245,0.0159363240478699,0.00708008959278684,0.0240091309279216,0.0398183771998471,0.0166835446257554,0.0059580343049566,0.00823073355495758,0.00391614942707617,0.00557112541317039,0.00514897204302934,0.0114660715339032,0.00336933341526826,0.0107052254911482,0.00838233751858598,0.044125409493518,0.0136645639239935,0.0190325402297583,0.00513095456532681,0.0183802535228639,0.0101381037281979,0.0177958462539131,0,0.00207961459070897,0.00650895502487368,0.022361272347655,0.026967299010099,0.0165450919177517,0.0432254375575605,0.0396667648463505,0.00604507860491189,0.00586765616088607,0.00759950546798933,0.00469815679839079,0.00566403527835481,0.00354304549631607,0.0114526007464056,0.00391459417007009,0.0432819075945666,0.00809547375123154,0.0468964765497809,0.051011162648497
"ENSMUSG00000032487",0.0026645247673546,0.00436606103195165,0.00800189450911252,0.0480484337805012,0.0190359386326557,0.00478182901460345,0.00605076568988241,0.0196499038326275,0.00513147483456384,0.0698933671186327,0.0323068912958816,0.036756044176534,0.003496898142659,0.00757139015052577,0.00533047976848646,0.0356117598603098,0.121095410181567,0.00910328522454165,0.00972725993916019,0.00517621844786825,0.0169011813291617,0.00494825332626165,0.0194568603663197,0.00692627415630033,0.00685511361114989,0.00842578813519741,0.00362180560092495,0,0.00404949642516006,0.0180424065497462,0.0140426116195452,0.0119111424532337,0.00450829088518577,0.00725259555643575,0.0100573131900751,0.00686188033311154,0.00219643664969822,0.024227742650015,0.00645901460703607,0.0193966832161405,0.125777826787745,0.0114317070007292,0.00145546140064565,0.014273789589117,0.00661894812027129,0.00932861316889902
"ENSMUSG00000037664",0.0374136674574436,0.0109971009812889,0.0125017167380422,0.00613717018937969,0.00614773874412045,0.00463847667477981,0.122869677703842,0.0158586776979782,0.00889184156606363,0.0110675690551319,0.0212578480843865,0.0124283953520014,0.0799446071648,0.0209237731422698,0.110693055414758,0.0237902374984814,0.0107387867878802,0.0156807657875611,0.0208933278252329,0.00524826976757417,0.00420206832520095,0.0113606669290587,0.013728607129803,0.00985201510413553,0.0339203712374027,0.019320654048838,0.00899868395141602,0.0229591785028963,0,0.0271966705729053,0.00216235956453289,0.0162711587418421,0.0313234745296951,0.00689526526226554,0.0537917997692169,0.00718476425332318,0.103190393639503,0.00341303493137383,0.00285775118916682,0.0171553976046852,0.00874883935889029,0.0125498336971811,0.00921287163965717,0.00560866295557948,0.00647982401935022,0.00689262484018239
"ENSMUSG00000038151",0.0115336384145621,0.00576626293894922,0.00391403948277482,0.00544857686847715,0.0136488969388518,0.00482286065039655,0.00380075689679927,0.0164913273532524,0.00671641973051002,0.0161894514056732,0.00612423091154831,0.0092597639037636,0.0069676208032586,0.0031806284318065,0.00905867217323878,0.00970633836620728,0.00324813312788402,0.00747746354262588,0.00480223842015863,0.00418792391656667,0.0653694124228917,0.00854987229454705,0.00260360524778807,0.00265909216016031,0.0167559693707677,0.00548985668890522,0.0160053556158553,0.00313941064104568,0.00421282409602865,0,0.00439436271360883,0.0149622948265031,0.00525752713050257,0.00638353105181421,0.0025417122516688,0.00279269656361528,0.00429211704025574,0.0501309126298135,0.0495822980255447,0.0472309814874841,0.00532416165699491,0.0443396492847357,0.0105729395768354,0.020271247683315,0.0106080765127793,0.00857896606302249
"ENSMUSG00000039191",0.0105227411684252,0.0233928430804713,0.0383233307508321,0.0432371150104973,0.0817478431128134,0.00128503387818362,0.00485403702233491,0.0685712390380444,0.00411727970892041,0.0430351482910528,0.00773523047621319,0.043413760941921,0.00121745735619836,0.00280086536684666,0.00134287956052834,0.0162970488293019,0.00755940678389197,0.0214018427616107,0.00495094347209857,0.0547229348353734,0.0098725618546976,0.00650351353702578,0.00432880417288542,0.00373447759053286,0.0178141562831041,0.00518053813795924,0.0368296702731034,0.00628109812747807,0.00215571560137874,0.0104251635718737,0,0.0766218937091326,0.0280492946330039,0.00337957842746264,0.00416517917632663,0.00299649154074258,0.00246753847860447,0.0159770990145336,0.0108043236971718,0.00556278247868512,0.0107534172642521,0.0369547591704897,0.00222035609424513,0.0303812077267613,0.0254819745007275,0.0772343106233736
"ENSMUSG00000039329",0.00659895707661139,0.0236015693143044,0.0262338213239898,0.0020730096946592,0.00486667697824747,0.00226666731774605,0.00159271825501483,0.0199664250211442,0.00219959753973807,0.102825670975771,0.00546650186358015,0.00455201498923832,0.00243737407142349,0.000349199153795685,0.00403674132144166,0.00773714194618919,0.0167359151178119,0.00447582311214399,0.00469491621500468,0.0175951479398356,0.0634025359272481,0.00571374056637787,0.00364846689111141,0.0032181205502455,0.0579906089912008,0.00521283031438333,0.0204342133876981,0.0367269104024544,0.00750208567575533,0.0152932951817031,0.0183543174803235,0,0.050990198901387,0.00394504397280758,0.00144585376357504,0.00122062225949874,0.0100109864284054,0.0528123845689681,0.0533870348030749,0.0461703867522842,0.0219826047653751,0.0145353178164255,0.000845767332577116,0.0594983278945612,0.0159692010170741,0.0120812771944962
"ENSMUSG00000039337",0.0321962039583521,0.0569500991925517,0.0645052835266712,0.0058179584086542,0.00588852066802816,0.00194573386993513,0.00506583127546317,0.0370046740261831,0.00287819520208331,0.0632348212472281,0.00301415187315153,0.00557784280642888,0.00479141414597312,0.00145570115984099,0.0174880618243774,0.0207552341673599,0.00570050419392976,0.00960203100434887,0.00528031999128766,0.0919199072912615,0.0575061640842019,0.0075643802094483,0.0031431477956981,0.00290849238915329,0.0443038005919147,0.00616309895816699,0.0267579175789315,0.00578461286696697,0.012232725380116,0.0129568221781391,0.0277047824810975,0.120227171624561,0,0.0023835678583103,0.00258990730906789,0.00106422754489561,0.0222856501173553,0.0401909061799259,0.0551819315990801,0.040609518818013,0.00671912323895072,0.0080800135770341,0.00235311213814956,0.0339015038351173,0.0931090510887332,0.0386310704630881
"ENSMUSG00000042357",0.0238756208489931,0.00585253679616031,0.00741392523431789,0.01909118729847,0.0167266672480637,0.0654450067153766,0.0233378087239961,0.00845146931416314,0.0473723454478931,0.012343671941031,0.0721867303970953,0.00920128221947461,0.0278386147256592,0.0499952935686195,0.0764790449488597,0.0130579249028753,0.0205199287796084,0.0213455609975187,0.0609997098199374,0.00525273946430804,0.00412127730528871,0.0443530128154376,0.0240871669230347,0.0401444661764105,0.0277106453322057,0.0699351268819284,0.0257291988312174,0.0172537813440104,0.0627831984254323,0.0240299782894639,0.00756751795174819,0.00377210762373102,0.0133289334572226,0,0.0692837056644437,0.0517247839025304,0.0202883516830419,0.00365613061899133,0.00528324230202289,0.0295643614302419,0.0141229058739664,0.0122498101494857,0.0451703841684513,0.00343524753507059,0.00646180283169738,0.00775929676964142
"ENSMUSG00000042367",0.00470809404065993,0.00809202122270583,0.0146530122643129,0.0267020218458842,0.0167138343306826,0.057788430347939,0.0140115038588591,0.00817898643322799,0.0593259439591533,0.01248785498305,0.0743316730529999,0.0125272338031366,0.0271859886823376,0.061745170587056,0.029369939595329,0.0153300725295609,0.0225468893915074,0.0429334675358663,0.0554494391986504,0.00694488150940194,0.0604898077370193,0.0418246393438094,0.0273782984416743,0.0471678767987347,0.00452633668984775,0.0604005194800981,0.0222438599522592,0.014606263645774,0.01373255046675,0.0138847301756233,0.0109627471662697,0.0121493270456314,0.00580468008313408,0.0598140773278638,0,0.0594351180998302,0.00860545491804768,0.0425199720438944,0.0538440746970098,0.0762129310294804,0.0174271055031543,0.0174670834519778,0.0443990849498102,0.0244750955331706,0.00330261368758459,0.00767416339775336
"ENSMUSG00000045005",0.00345433200721685,0.00437250410853687,0.0109480713975435,0.0223360974902428,0.0612908399968084,0.0483644898868696,0.00838777353790239,0.0123537990618367,0.0463061204004143,0.0119043144468627,0.0680066109601722,0.0278504205582013,0.0128513940719549,0.0530361286242684,0.0157283719246812,0.00905854620190147,0.0295688545784578,0.0680109359481166,0.047222577959213,0.00400386116770446,0.00469573054083068,0.0515544253160869,0.0253522803387795,0.0575687664671982,0.00520182317681023,0.0239083739632301,0.0306880682974026,0.0210211314111872,0.00860930309301098,0.0162037616610258,0.014953238656835,0.0056295651578415,0.00532592691923905,0.0699759418519587,0.0322153708325473,0,0.00441086298873509,0.0117145304154699,0.00553778817512418,0.032960144323981,0.020867141191654,0.00671220286655346,0.0380577149545071,0.0174804107058424,0.00223304930884829,0.00890382550416152
"ENSMUSG00000046179",0.0415044578604512,0.0212656933789379,0.011990628300136,0.00535176883162121,0.023612611182564,0.0366764580356638,0.104251562152431,0.0109798028086187,0.0682535591720374,0.0050204509148105,0.013769605383677,0.0060434268157141,0.110035675539124,0.0432821190918765,0.0511056123683642,0.00796952222741901,0.0280820973512625,0.0264043836915759,0.0471547907031957,0.00581659456904276,0.00831057988132977,0.0301187724000852,0.0331659298874077,0.0337299589323881,0.0335409998945564,0.0527554538650717,0.021259650096297,0.0200539515945871,0.0843380904378552,0.0218310837748309,0.00144528604480123,0.0157286566137099,0.0298877300904661,0.0386248963759503,0.0406426993270039,0.0447478631289237,0,0.00656525269381424,0.00576914323731665,0.00797974089195756,0.0151899392179664,0.00994311934238404,0.0812900572697062,0.00462738350411532,0.00558941371936744,0.0211735519095716
"ENSMUSG00000046352",0.022579250136278,0.0240557702606765,0.0695895650435913,0.0543730300112078,0.0100647544030067,0.00252508553722498,0.00496827318843081,0.0347576553088692,0.000528583545831181,0.0396046230189281,0.00438698383781229,0.0282271319077044,0.00409502914792634,0.00406040943877374,0.00367070329574864,0.0256864605032687,0.00102238193295271,0.0119572350404983,0.00272173714881103,0.118295718111538,0.0322087034650317,0.00339501141053886,0.00292448045411526,0.00265877758687051,0.0114294845635571,0.00340773239542594,0.0227741393665559,0.0070711250627726,0.00348128044521433,0.0183788309156006,0.0988490304472371,0.0694725077703739,0.0843892594301528,0.0016440904953285,0.00469151783852103,0.00340367067518874,0.00311374155364301,0,0.0792645467088455,0.0499551808451195,0.00567020424505254,0.0493721832510736,0.000852984146093373,0.146928241502184,0.085231183134916,0.102446786296191
"ENSMUSG00000049382",0.00287166072798554,0.00664111209209821,0.00393075171459122,0.0058108815654049,0.0193214151421274,0.0414400009120053,0.00533039714157088,0.0075499392845093,0.0241530335504384,0.00587458562077923,0.00737931459899715,0.00690867477224137,0.0213917004265972,0.0313990269894767,0.00675909140608032,0.012385629160962,0.0298606078625648,0.0198685184486666,0.0313761585928643,0.0064661221856756,0.0601378636242328,0.0611811533286919,0.0239374771453021,0.0460021973688354,0.00776679866226903,0.0226863539086624,0.0205623664556284,0.0196592122401705,0.0052820527442151,0.0412017449759196,0.0092997232276442,0.0119714011506655,0.00402869767055204,0.0291620367435112,0.0157271444441054,0.0471603042510308,0.00575546390117442,0.0170964080915284,0,0.0456012727565631,0.0146271199728636,0.0592091242417947,0.0279502344776829,0.0136399392804675,0.00393906730167225,0.0106961036137253
"ENSMUSG00000050953",0.00860335549733879,0.0081646265892553,0.0130578336847031,0.0219794203645795,0.020764106194052,0.0605192887975608,0.0184247656440059,0.0123047613572934,0.0481107361122914,0.0114963720752621,0.0887006450038786,0.0117303695196635,0.0299313773631733,0.0456021368934399,0.0264312078106788,0.00791129457817448,0.0353519062787832,0.0418315180320397,0.0623664222395643,0.00501804221304126,0.0485493956164428,0.0560192159588822,0.0249173919804914,0.0504519369903495,0.00613189785733584,0.0615692943531643,0.0301000732644808,0.0155412224082824,0.0117203670133806,0.0224285896368063,0.0109106847395244,0.0127179551454318,0.00468387822727227,0.0438312206969728,0.0630549615338766,0.060683923037985,0.017562188374205,0.0284190624113542,0.102889784117935,0,0.020034677103773,0.0210161999057154,0.0774910793298486,0.0255521287784388,0.00631409854260421,0.0124557347367291
"ENSMUSG00000052837",0.0785048811296173,0.089847759916911,0.0427884020664591,0.00740664937747153,0.0067650008722634,0.00468404433111207,0.0245169751404269,0.0307072812299418,0.00189580547471164,0.00642486496966088,0.00279228370023339,0.0104073092566806,0.0450345736643448,0.00431765434384449,0.00681391268663563,0.00817891055492186,0.114011526674697,0.00927129154588345,0.00691688704482816,0.0240003683623124,0.0480445842694228,0.00257712337554478,0.0260819499106672,0.00551609202313844,0.0303849466256191,0.00457029673320523,0.0299082496433985,0.168205661585843,0.0124777043940777,0.0119179732964376,0.0200958682293459,0.00494809084502155,0.0162536810160996,0.00375729665815521,0.00457684390361303,0.00612997709229997,0.0458461812973268,0.00371458579894661,0.00975974564559882,0.00488019221514705,0,0.00819226500954948,0.00268425820850714,0.0044241577929494,0.0148475175312823,0.0167192798194255
"ENSMUSG00000052854",0.00315572029265727,0.00330019299765227,0.00488155719002606,0.0644060228828694,0.00799778834432631,0.00434702077842119,0.0093915287399201,0.00904899344674856,0.00300907452736247,0.00740464410989912,0.0025416268834006,0.0578959606311983,0.014929599873894,0.00423722337379195,0.00385931932424506,0.0742344288070077,0.00589040522405106,0.010412520825449,0.00471357517216102,0.00644109298659101,0.00657329086694419,0.00826722674425527,0.0188208468913376,0.00454904902881617,0.00700666551976348,0.00260027831154272,0.00276250203302599,0.0189568672506922,0.00226403006095639,0.0364167524752979,0.0253198714487794,0.00687812645174486,0.00457599431277122,0.00353887120184163,0.00412832469122299,0.00505060158431162,0.00880353402611741,0.00410706930828906,0.0111343276022155,0.00379494923931164,0.01044368710031,0,0.0013325452497402,0.00734058088996289,0.00711615139358846,0.0117070354350294
"ENSMUSG00000053113",0.0459551302740574,0.0891600948351807,0.0170047166909123,0.00433018694759312,0.0152422324802837,0.046204560145094,0.0589389457187176,0.0109112758183103,0.0451591162458724,0.00967708624216222,0.00906474478658464,0.0126713162968648,0.0616128788249984,0.0418814871440121,0.0660844067642245,0.00832508442739732,0.0201508225989665,0.0198177316990521,0.031114411432572,0.0117607060559464,0.00995657896503594,0.052914377755904,0.0175638247576221,0.0624172893437826,0.0603777908581854,0.0271238431592446,0.050584325462732,0.00846207686222084,0.0787370657648825,0.0289149704857903,0.0057146129155339,0.00468386161605791,0.0278292707184319,0.0526070383302483,0.0152861320616037,0.0436572748312362,0.0775894048269456,0.00302941230708121,0.0100268769735445,0.00773874343479552,0.0306187941389904,0.00996532872628828,0,0.00321293815429558,0.00980435915752506,0.0171395283112804
"ENSMUSG00000056501",0.0137701693591425,0.011429443755893,0.0457092624544689,0.0527887078329102,0.092687693746948,0.00301665962391234,0.00647310618076422,0.0402482577573034,0.00048510354111462,0.0596351826881362,0.00716427738497557,0.0402535129715885,0.00309838056664817,0.0047173741287805,0.00274707173738115,0.0230408021206395,0.00154947049358554,0.0320939694853315,0.00367778579530538,0.0508015607157051,0.0128004072585957,0.0026416186019203,0.00298309807090083,0.00287773324434779,0.0128239137933045,0.00510564478538735,0.00900598379854285,0.00918504101287883,0.00566628369995719,0.0150945514752774,0.145579238370328,0.0638135831964552,0.0359424708224343,0.00215647023696442,0.00408526027723819,0.00448579419677953,0.00514341421862914,0.103979479687602,0.0149726127896697,0.0138381369565034,0.0043712537288648,0.0502460185265772,0.00301701899207788,0,0.0539110953583447,0.0653405069658257
"ENSMUSG00000057615",0.0242247209922145,0.0399392891847246,0.0806346831348771,0.0379737569221855,0.00852435296924773,0.00335544336174837,0.00236131237635449,0.0362199232965878,0.0115857896552106,0.0522372645088792,0.00200560906810504,0.0265320531284149,0.00514179577051863,0.00183592483526898,0.00191098223268309,0.0370660775934107,0.00424746110058781,0.00657033745508824,0.00497185431763901,0.079959119631639,0.00984271331508381,0.0102911332717692,0.00558958737854208,0.00532965273829368,0.00962835138590917,0.00838237420075695,0.0205802109553991,0.00423729125958989,0.00615923982162445,0.00853994208360113,0.0483964447728519,0.036165509752274,0.100188217832357,0.00836197941638366,0.00305273849639561,0.00196848793325405,0.00344602259509639,0.0245201888721004,0.00551000493272224,0.00424243512399069,0.00584619643640374,0.0208679742247047,0.00935652327088426,0.0410249102277645,0,0.0474369796330048
"ENSMUSG00000092035",0.0233376264403071,0.0150876538499905,0.0372483071457933,0.0361462624369813,0.00949375281378646,0.0108430918392034,0.00224468421870066,0.0144915474722657,0.0424694487115273,0.00760346453865208,0.00792853798995707,0.0123210470913214,0.00462579582480661,0.0105713299580256,0.00269841019484225,0.111269215110306,0.00861941284100278,0.0130900682683519,0.0236535007814703,0.097811858227843,0.00569550410007489,0.0236109349433764,0.0285237387332216,0.0100317842172565,0.0125631147355237,0.0137526332420359,0.0342961851402913,0.0115885499907814,0.0015201457693254,0.0199094341581964,0.078374636028647,0.0244848366517286,0.0276422276034945,0.0334482583520221,0.00819232902907226,0.0135629459666544,0.00225183682988605,0.00861828691272815,0.00255210024153215,0.00251031839510838,0.0118442119845979,0.0148380015883243,0.0791577298864312,0.00866318003179313,0.0311127194852806,0
